;timestamp;processo;pid;cpu;ram
0;2025-10-13 18:45:58;systemd;1;0.0;0.187
1;2025-10-13 18:45:58;kthreadd;2;0.0;0.0
2;2025-10-13 18:45:58;pool_workqueue_release;3;0.0;0.0
3;2025-10-13 18:45:58;kworker/R-rcu_gp;4;0.0;0.0
4;2025-10-13 18:45:58;kworker/R-sync_wq;5;0.0;0.0
5;2025-10-13 18:45:58;kworker/R-kvfree_rcu_reclaim;6;0.0;0.0
6;2025-10-13 18:45:58;kworker/R-slub_flushwq;7;0.0;0.0
7;2025-10-13 18:45:58;kworker/R-netns;8;0.0;0.0
8;2025-10-13 18:45:58;kworker/0:0H-events_highpri;10;0.0;0.0
9;2025-10-13 18:45:58;kworker/R-mm_percpu_wq;13;0.0;0.0
10;2025-10-13 18:45:58;rcu_tasks_kthread;14;0.0;0.0
11;2025-10-13 18:45:58;rcu_tasks_rude_kthread;15;0.0;0.0
12;2025-10-13 18:45:58;rcu_tasks_trace_kthread;16;0.0;0.0
13;2025-10-13 18:45:58;ksoftirqd/0;17;0.0;0.0
14;2025-10-13 18:45:58;rcu_preempt;18;0.0;0.0
15;2025-10-13 18:45:58;rcu_exp_par_gp_kthread_worker/0;19;0.0;0.0
16;2025-10-13 18:45:58;rcu_exp_gp_kthread_worker;20;0.0;0.0
17;2025-10-13 18:45:58;migration/0;21;0.0;0.0
18;2025-10-13 18:45:58;idle_inject/0;22;0.0;0.0
19;2025-10-13 18:45:58;cpuhp/0;23;0.0;0.0
20;2025-10-13 18:45:58;cpuhp/1;24;0.0;0.0
21;2025-10-13 18:45:58;idle_inject/1;25;0.0;0.0
22;2025-10-13 18:45:58;migration/1;26;0.0;0.0
23;2025-10-13 18:45:58;ksoftirqd/1;27;0.0;0.0
24;2025-10-13 18:45:58;kworker/1:0H-events_highpri;29;0.0;0.0
25;2025-10-13 18:45:58;cpuhp/2;30;0.0;0.0
26;2025-10-13 18:45:58;idle_inject/2;31;0.0;0.0
27;2025-10-13 18:45:58;migration/2;32;0.0;0.0
28;2025-10-13 18:45:58;ksoftirqd/2;33;0.0;0.0
29;2025-10-13 18:45:58;kworker/2:0H-events_highpri;35;0.0;0.0
30;2025-10-13 18:45:58;cpuhp/3;36;0.0;0.0
31;2025-10-13 18:45:58;idle_inject/3;37;0.0;0.0
32;2025-10-13 18:45:58;migration/3;38;0.0;0.0
33;2025-10-13 18:45:58;ksoftirqd/3;39;0.0;0.0
34;2025-10-13 18:45:58;kworker/3:0H-events_highpri;41;0.0;0.0
35;2025-10-13 18:45:58;kdevtmpfs;42;0.0;0.0
36;2025-10-13 18:45:58;kworker/R-inet_frag_wq;43;0.0;0.0
37;2025-10-13 18:45:58;kauditd;44;0.0;0.0
38;2025-10-13 18:45:58;khungtaskd;45;0.0;0.0
39;2025-10-13 18:45:58;oom_reaper;46;0.0;0.0
40;2025-10-13 18:45:58;kworker/R-writeback;49;0.0;0.0
41;2025-10-13 18:45:58;kcompactd0;50;0.0;0.0
42;2025-10-13 18:45:58;ksmd;51;0.0;0.0
43;2025-10-13 18:45:58;khugepaged;52;0.0;0.0
44;2025-10-13 18:45:58;kworker/R-kintegrityd;53;0.0;0.0
45;2025-10-13 18:45:58;kworker/R-kblockd;54;0.0;0.0
46;2025-10-13 18:45:58;kworker/R-blkcg_punt_bio;55;0.0;0.0
47;2025-10-13 18:45:58;irq/9-acpi;56;0.0;0.0
48;2025-10-13 18:45:58;kworker/R-tpm_dev_wq;59;0.0;0.0
49;2025-10-13 18:45:58;kworker/R-ata_sff;60;0.0;0.0
50;2025-10-13 18:45:58;kworker/R-md;61;0.0;0.0
51;2025-10-13 18:45:58;kworker/R-md_bitmap;62;0.0;0.0
52;2025-10-13 18:45:58;kworker/R-edac-poller;63;0.0;0.0
53;2025-10-13 18:45:58;kworker/R-devfreq_wq;64;0.0;0.0
54;2025-10-13 18:45:58;watchdogd;65;0.0;0.0
55;2025-10-13 18:45:58;kworker/0:1H-i915_cleanup;66;0.0;0.0
56;2025-10-13 18:45:58;kswapd0;68;0.0;0.0
57;2025-10-13 18:45:58;ecryptfs-kthread;69;0.0;0.0
58;2025-10-13 18:45:58;kworker/R-kthrotld;70;0.0;0.0
59;2025-10-13 18:45:58;irq/122-aerdrv;71;0.0;0.0
60;2025-10-13 18:45:58;irq/122-pcie-dpc;72;0.0;0.0
61;2025-10-13 18:45:58;kworker/R-acpi_thermal_pm;73;0.0;0.0
62;2025-10-13 18:45:58;hwrng;74;0.0;0.0
63;2025-10-13 18:45:58;kworker/R-mld;76;0.0;0.0
64;2025-10-13 18:45:58;kworker/R-ipv6_addrconf;77;0.0;0.0
65;2025-10-13 18:45:58;kworker/R-kstrp;84;0.0;0.0
66;2025-10-13 18:45:58;kworker/R-charger_manager;100;0.0;0.0
67;2025-10-13 18:45:58;kworker/2:1H-kblockd;125;0.0;0.0
68;2025-10-13 18:45:58;kworker/3:1H-i915_cleanup;129;0.0;0.0
69;2025-10-13 18:45:58;kworker/1:1H-i915_cleanup;156;0.0;0.0
70;2025-10-13 18:45:58;irq/148-ELAN050A:01;193;0.0;0.0
71;2025-10-13 18:45:58;irq/149-aerdrv;203;0.0;0.0
72;2025-10-13 18:45:58;irq/149-pcie-dpc;204;0.0;0.0
73;2025-10-13 18:45:58;scsi_eh_0;205;0.0;0.0
74;2025-10-13 18:45:58;kworker/R-scsi_tmf_0;206;0.0;0.0
75;2025-10-13 18:45:58;scsi_eh_1;207;0.0;0.0
76;2025-10-13 18:45:58;kworker/R-scsi_tmf_1;208;0.0;0.0
77;2025-10-13 18:45:58;kworker/R-nvme-wq;210;0.0;0.0
78;2025-10-13 18:45:58;kworker/R-nvme-reset-wq;211;0.0;0.0
79;2025-10-13 18:45:58;kworker/R-nvme-delete-wq;212;0.0;0.0
80;2025-10-13 18:45:58;kworker/R-nvme-auth-wq;213;0.0;0.0
81;2025-10-13 18:45:58;jbd2/nvme0n1p2-8;250;0.0;0.0
82;2025-10-13 18:45:58;kworker/R-ext4-rsv-conversion;251;0.0;0.0
83;2025-10-13 18:45:58;systemd-journald;301;0.0;0.3933
84;2025-10-13 18:45:58;systemd-udevd;394;0.0;0.1092
85;2025-10-13 18:45:58;psimon;397;0.0;0.0
86;2025-10-13 18:45:58;irq/156-mei_me;542;0.0;0.0
87;2025-10-13 18:45:58;kworker/R-cfg80211;543;0.0;0.0
88;2025-10-13 18:45:58;kworker/R-cryptd;549;0.0;0.0
89;2025-10-13 18:45:58;kworker/R-ttm;629;0.0;0.0
90;2025-10-13 18:45:58;card1-crtc0;643;0.0;0.0
91;2025-10-13 18:45:58;card1-crtc1;644;0.0;0.0
92;2025-10-13 18:45:58;card1-crtc2;645;0.0;0.0
93;2025-10-13 18:45:58;card1-crtc3;646;0.0;0.0
94;2025-10-13 18:45:58;systemd-oomd;720;0.0;0.0969
95;2025-10-13 18:45:58;systemd-resolved;723;0.0;0.166
96;2025-10-13 18:45:58;systemd-timesyncd;728;0.0;0.0975
97;2025-10-13 18:45:58;avahi-daemon;869;0.0;0.0534
98;2025-10-13 18:45:58;bluetoothd;870;0.0;0.0839
99;2025-10-13 18:45:58;dbus-daemon;871;0.0;0.0945
100;2025-10-13 18:45:58;gnome-remote-desktop-daemon;874;0.0;0.1978
101;2025-10-13 18:45:58;polkitd;879;0.0;0.1633
102;2025-10-13 18:45:58;power-profiles-daemon;887;0.0;0.1071
103;2025-10-13 18:45:58;snapd;895;0.0;0.4712
104;2025-10-13 18:45:58;accounts-daemon;897;0.0;0.1089
105;2025-10-13 18:45:58;cron;898;0.0;0.0345
106;2025-10-13 18:45:58;switcheroo-control;899;0.0;0.0885
107;2025-10-13 18:45:58;systemd-logind;914;0.0;0.118
108;2025-10-13 18:45:58;thermald;915;0.0;0.1401
109;2025-10-13 18:45:58;udisksd;917;0.0;0.169
110;2025-10-13 18:45:58;avahi-daemon;956;0.0;0.0178
111;2025-10-13 18:45:58;rsyslogd;963;0.0;0.0763
112;2025-10-13 18:45:58;NetworkManager;975;0.0;0.2613
113;2025-10-13 18:45:58;wpa_supplicant;982;0.0;0.152
114;2025-10-13 18:45:58;irq/164-AudioDSP;1009;0.0;0.0
115;2025-10-13 18:45:58;ModemManager;1037;0.0;0.1518
116;2025-10-13 18:45:58;kworker/R-iprt-VBoxWQueue;1707;0.0;0.0
117;2025-10-13 18:45:58;iprt-VBoxTscThread;1708;0.0;0.0
118;2025-10-13 18:45:58;cupsd;1737;0.0;0.1453
119;2025-10-13 18:45:58;unattended-upgr;1745;0.0;0.2921
120;2025-10-13 18:45:58;gdm3;1797;0.0;0.1179
121;2025-10-13 18:45:58;mysqld;1813;0.0;5.3422
122;2025-10-13 18:45:58;psimon;1816;0.0;0.0
123;2025-10-13 18:45:58;rtkit-daemon;1904;0.0;0.0446
124;2025-10-13 18:45:58;krfcommd;2021;0.0;0.0
125;2025-10-13 18:45:58;colord;2060;0.0;0.1875
126;2025-10-13 18:45:58;upowerd;2101;0.0;0.1397
127;2025-10-13 18:45:58;gdm-session-worker;2458;0.0;0.138
128;2025-10-13 18:45:58;systemd;2485;0.0;0.1637
129;2025-10-13 18:45:58;(sd-pam);2491;0.0;0.0424
130;2025-10-13 18:45:58;pipewire-pulse;2511;0.0;0.545
131;2025-10-13 18:45:58;gnome-keyring-daemon;2515;0.0;0.132
132;2025-10-13 18:45:58;dbus-daemon;2529;0.0;0.0884
133;2025-10-13 18:45:58;cups-browsed;2559;0.0;0.2445
134;2025-10-13 18:45:58;kerneloops;2564;0.0;0.0276
135;2025-10-13 18:45:58;kerneloops;2568;0.0;0.0298
136;2025-10-13 18:45:58;xdg-document-portal;2583;0.0;0.0981
137;2025-10-13 18:45:58;xdg-permission-store;2587;0.0;0.0801
138;2025-10-13 18:45:58;fusermount3;2594;0.0;0.0255
139;2025-10-13 18:45:58;gdm-wayland-session;2619;0.0;0.0826
140;2025-10-13 18:45:58;gnome-session-binary;2633;0.0;0.207
141;2025-10-13 18:45:58;gcr-ssh-agent;2711;0.0;0.0885
142;2025-10-13 18:45:58;gnome-session-ctl;2714;0.0;0.0666
143;2025-10-13 18:45:58;gvfsd;2733;0.0;0.1062
144;2025-10-13 18:45:58;gvfsd-fuse;2741;0.0;0.0971
145;2025-10-13 18:45:58;gnome-session-binary;2744;0.0;0.2362
146;2025-10-13 18:45:58;at-spi-bus-launcher;2775;0.0;0.0996
147;2025-10-13 18:45:58;gnome-shell;2782;0.0;4.1523
148;2025-10-13 18:45:58;dbus-daemon;2789;0.0;0.0643
149;2025-10-13 18:45:58;at-spi2-registryd;2884;0.0;0.0913
150;2025-10-13 18:45:58;gnome-shell-calendar-server;2906;0.0;0.1911
151;2025-10-13 18:45:58;evolution-source-registry;2913;0.0;0.5472
152;2025-10-13 18:45:58;dconf-service;2914;0.0;0.0744
153;2025-10-13 18:45:58;gjs;2930;0.0;0.2781
154;2025-10-13 18:45:58;ibus-daemon;2934;0.0;0.1606
155;2025-10-13 18:45:58;gsd-a11y-settings;2937;0.0;0.0916
156;2025-10-13 18:45:58;gsd-color;2939;0.0;0.2506
157;2025-10-13 18:45:58;gsd-datetime;2941;0.0;0.1619
158;2025-10-13 18:45:58;gsd-housekeeping;2944;0.0;0.105
159;2025-10-13 18:45:58;gsd-keyboard;2950;0.0;0.2512
160;2025-10-13 18:45:58;gsd-media-keys;2954;0.0;0.3241
161;2025-10-13 18:45:58;gsd-power;2957;0.0;0.3345
162;2025-10-13 18:45:58;gsd-print-notifications;2958;0.0;0.1461
163;2025-10-13 18:45:58;gsd-rfkill;2960;0.0;0.0857
164;2025-10-13 18:45:58;gsd-screensaver-proxy;2964;0.0;0.0802
165;2025-10-13 18:45:58;gsd-sharing;2965;0.0;0.1545
166;2025-10-13 18:45:58;gsd-smartcard;2966;0.0;0.1055
167;2025-10-13 18:45:58;gsd-sound;2967;0.0;0.1281
168;2025-10-13 18:45:58;gsd-wacom;2968;0.0;0.2623
169;2025-10-13 18:45:58;goa-daemon;2970;0.0;0.2745
170;2025-10-13 18:45:58;gnome-software;2993;0.0;3.4721
171;2025-10-13 18:45:58;evolution-alarm-notify;3025;0.0;0.8023
172;2025-10-13 18:45:58;gsd-disk-utility-notify;3032;0.0;0.0962
173;2025-10-13 18:45:58;evolution-calendar-factory;3112;0.0;0.3146
174;2025-10-13 18:45:58;gvfs-udisks2-volume-monitor;3125;0.0;0.1409
175;2025-10-13 18:45:58;goa-identity-service;3160;0.0;0.1109
176;2025-10-13 18:45:58;ibus-dconf;3168;0.0;0.0961
177;2025-10-13 18:45:58;ibus-extension-gtk3;3169;0.0;0.3793
178;2025-10-13 18:45:58;ibus-portal;3171;0.0;0.089
179;2025-10-13 18:45:58;evolution-addressbook-factory;3198;0.0;0.3873
180;2025-10-13 18:45:58;gvfs-goa-volume-monitor;3200;0.0;0.0807
181;2025-10-13 18:45:58;gvfs-afc-volume-monitor;3208;0.0;0.101
182;2025-10-13 18:45:58;gvfs-gphoto2-volume-monitor;3218;0.0;0.0908
183;2025-10-13 18:45:58;gvfs-mtp-volume-monitor;3226;0.0;0.0865
184;2025-10-13 18:45:58;ibus-engine-simple;3244;0.0;0.0996
185;2025-10-13 18:45:58;gvfsd-trash;3272;0.0;0.1234
186;2025-10-13 18:45:58;xdg-desktop-portal;3293;0.0;0.2155
187;2025-10-13 18:45:58;gsd-printer;3322;0.0;0.1892
188;2025-10-13 18:45:58;tracker-miner-fs-3;3323;0.0;0.3563
189;2025-10-13 18:45:58;xdg-desktop-portal-gnome;3325;0.0;1.823
190;2025-10-13 18:45:58;gjs;3342;0.0;0.2718
191;2025-10-13 18:45:58;gjs;3371;0.0;0.8303
192;2025-10-13 18:45:58;xdg-desktop-portal-gtk;3388;0.0;0.3372
193;2025-10-13 18:45:58;snapd-desktop-integration;3391;0.0;0.1214
194;2025-10-13 18:45:58;snapd-desktop-integration;3482;0.0;0.2897
195;2025-10-13 18:45:58;gvfsd-metadata;3486;0.0;0.0877
196;2025-10-13 18:45:58;fwupd;3524;0.0;0.5784
197;2025-10-13 18:45:58;gnome-calendar;3563;0.0;0.6905
198;2025-10-13 18:45:58;Xwayland;3778;0.0;1.544
199;2025-10-13 18:45:58;gsd-xsettings;3815;0.0;1.0633
200;2025-10-13 18:45:58;ibus-x11;3896;0.0;0.3118
201;2025-10-13 18:45:58;mutter-x11-frames;3902;0.0;1.4315
202;2025-10-13 18:45:58;update-notifier;5140;0.0;0.3977
203;2025-10-13 18:45:58;snap;6003;0.0;0.3147
204;2025-10-13 18:45:58;firefox;7111;0.0;7.4675
205;2025-10-13 18:45:58;crashhelper;7177;0.0;0.0276
206;2025-10-13 18:45:58;forkserver;7284;0.0;0.4245
207;2025-10-13 18:45:58;Socket Process;7289;0.0;0.623
208;2025-10-13 18:45:58;RDD Process;7316;0.0;0.6326
209;2025-10-13 18:45:58;WebExtensions;7698;0.0;1.1579
210;2025-10-13 18:45:58;Utility Process;7913;0.0;0.6474
211;2025-10-13 18:45:58;Privileged Cont;8086;0.0;1.785
212;2025-10-13 18:45:58;mysql-workbench;9350;0.0;0.0398
213;2025-10-13 18:45:58;mysql-workbench-bin;9506;0.0;1.9044
214;2025-10-13 18:45:58;uuidd;9531;0.0;0.0425
215;2025-10-13 18:45:58;irq/157-iwlwifi:default_queue;10031;0.0;0.0
216;2025-10-13 18:45:58;irq/158-iwlwifi:queue_1;10032;0.0;0.0
217;2025-10-13 18:45:58;irq/159-iwlwifi:queue_2;10033;0.0;0.0
218;2025-10-13 18:45:58;irq/160-iwlwifi:queue_3;10034;0.0;0.0
219;2025-10-13 18:45:58;irq/161-iwlwifi:queue_4;10035;0.0;0.0
220;2025-10-13 18:45:58;irq/162-iwlwifi:exception;10036;0.0;0.0
221;2025-10-13 18:45:58;Isolated Web Co;12905;0.0;6.0468
222;2025-10-13 18:45:58;kworker/u16:2-events_power_efficient;16189;0.0;0.0
223;2025-10-13 18:45:58;kworker/0:1-events;22573;0.0;0.0
224;2025-10-13 18:45:58;kworker/3:0-events;23548;0.0;0.0
225;2025-10-13 18:45:58;kworker/u17:1-i915_flip;25949;0.0;0.0
226;2025-10-13 18:45:58;kworker/2:2-events;26032;0.0;0.0
227;2025-10-13 18:45:58;kworker/1:3-events;26493;0.0;0.0
228;2025-10-13 18:45:58;kworker/u16:1-events_unbound;26495;0.0;0.0
229;2025-10-13 18:45:58;Isolated Servic;27079;0.0;1.0925
230;2025-10-13 18:45:58;Isolated Web Co;27093;0.0;6.3012
231;2025-10-13 18:45:58;kworker/1:1-i915-unordered;27588;0.0;0.0
232;2025-10-13 18:45:58;kworker/u17:0-rb_allocator;27601;0.0;0.0
233;2025-10-13 18:45:58;kworker/0:0-events;27636;0.0;0.0
234;2025-10-13 18:45:58;kworker/u16:3-kvfree_rcu_reclaim;27638;0.0;0.0
235;2025-10-13 18:45:58;nautilus;27697;0.0;2.1463
236;2025-10-13 18:45:58;gvfsd-recent;27725;0.0;0.1169
237;2025-10-13 18:45:58;code;27934;0.0;2.5897
238;2025-10-13 18:45:58;code;27936;0.0;0.642
239;2025-10-13 18:45:58;code;27937;0.0;0.6414
240;2025-10-13 18:45:58;chrome_crashpad_handler;27951;0.0;0.0386
241;2025-10-13 18:45:58;code;27991;0.0;0.9538
242;2025-10-13 18:45:58;code;28042;0.0;5.2195
243;2025-10-13 18:45:58;code;28059;0.0;2.5774
244;2025-10-13 18:45:58;code;28075;0.0;1.5188
245;2025-10-13 18:45:58;code;28076;0.0;1.4001
246;2025-10-13 18:45:58;code;28099;0.0;1.4584
247;2025-10-13 18:45:58;code;28113;0.0;7.4955
248;2025-10-13 18:45:58;kworker/2:0-events;28148;0.0;0.0
249;2025-10-13 18:45:58;bash;28153;0.0;0.0734
250;2025-10-13 18:45:58;kworker/u17:3-rb_allocator;28221;0.0;0.0
251;2025-10-13 18:45:58;Web Content;28295;0.0;0.8616
252;2025-10-13 18:45:58;kworker/u16:0-events_power_efficient;28324;0.0;0.0
253;2025-10-13 18:45:58;pet;28408;0.0;0.0636
254;2025-10-13 18:45:58;bash;28589;0.0;0.0732
255;2025-10-13 18:45:58;code;28605;0.0;5.6726
256;2025-10-13 18:45:58;kworker/3:1-i915-unordered;28672;0.0;0.0
257;2025-10-13 18:45:58;bash;28708;0.0;0.0683
258;2025-10-13 18:45:58;pipewire;28766;0.0;0.2295
259;2025-10-13 18:45:58;wireplumber;28779;0.0;0.2706
260;2025-10-13 18:45:58;Web Content;28922;0.0;0.8593
261;2025-10-13 18:45:58;kworker/1:0-events;29075;0.0;0.0
262;2025-10-13 18:45:58;kworker/2:1-i915-unordered;29149;0.0;0.0
263;2025-10-13 18:45:58;Web Content;29207;0.0;0.8623
264;2025-10-13 18:45:58;kworker/0:2;29272;0.0;0.0
265;2025-10-13 18:45:58;kworker/u16:4-events_unbound;29372;0.0;0.0
266;2025-10-13 18:45:58;python;29379;0.0;0.9943
267;2025-10-13 18:45:58;kworker/3:2-i915-unordered;29383;0.0;0.0
268;2025-10-13 18:45:59;systemd;1;0.0;0.187
269;2025-10-13 18:45:59;kthreadd;2;0.0;0.0
270;2025-10-13 18:45:59;pool_workqueue_release;3;0.0;0.0
271;2025-10-13 18:45:59;kworker/R-rcu_gp;4;0.0;0.0
272;2025-10-13 18:45:59;kworker/R-sync_wq;5;0.0;0.0
273;2025-10-13 18:45:59;kworker/R-kvfree_rcu_reclaim;6;0.0;0.0
274;2025-10-13 18:45:59;kworker/R-slub_flushwq;7;0.0;0.0
275;2025-10-13 18:45:59;kworker/R-netns;8;0.0;0.0
276;2025-10-13 18:45:59;kworker/0:0H-events_highpri;10;0.0;0.0
277;2025-10-13 18:45:59;kworker/R-mm_percpu_wq;13;0.0;0.0
278;2025-10-13 18:45:59;rcu_tasks_kthread;14;0.0;0.0
279;2025-10-13 18:45:59;rcu_tasks_rude_kthread;15;0.0;0.0
280;2025-10-13 18:45:59;rcu_tasks_trace_kthread;16;0.0;0.0
281;2025-10-13 18:45:59;ksoftirqd/0;17;0.0;0.0
282;2025-10-13 18:45:59;rcu_preempt;18;0.0;0.0
283;2025-10-13 18:45:59;rcu_exp_par_gp_kthread_worker/0;19;0.0;0.0
284;2025-10-13 18:45:59;rcu_exp_gp_kthread_worker;20;0.0;0.0
285;2025-10-13 18:45:59;migration/0;21;0.0;0.0
286;2025-10-13 18:45:59;idle_inject/0;22;0.0;0.0
287;2025-10-13 18:45:59;cpuhp/0;23;0.0;0.0
288;2025-10-13 18:45:59;cpuhp/1;24;0.0;0.0
289;2025-10-13 18:45:59;idle_inject/1;25;0.0;0.0
290;2025-10-13 18:45:59;migration/1;26;0.0;0.0
291;2025-10-13 18:45:59;ksoftirqd/1;27;0.0;0.0
292;2025-10-13 18:45:59;kworker/1:0H-events_highpri;29;0.0;0.0
293;2025-10-13 18:45:59;cpuhp/2;30;0.0;0.0
294;2025-10-13 18:45:59;idle_inject/2;31;0.0;0.0
295;2025-10-13 18:45:59;migration/2;32;0.0;0.0
296;2025-10-13 18:45:59;ksoftirqd/2;33;0.0;0.0
297;2025-10-13 18:45:59;kworker/2:0H-events_highpri;35;0.0;0.0
298;2025-10-13 18:45:59;cpuhp/3;36;0.0;0.0
299;2025-10-13 18:45:59;idle_inject/3;37;0.0;0.0
300;2025-10-13 18:45:59;migration/3;38;0.0;0.0
301;2025-10-13 18:45:59;ksoftirqd/3;39;0.0;0.0
302;2025-10-13 18:45:59;kworker/3:0H-events_highpri;41;0.0;0.0
303;2025-10-13 18:45:59;kdevtmpfs;42;0.0;0.0
304;2025-10-13 18:45:59;kworker/R-inet_frag_wq;43;0.0;0.0
305;2025-10-13 18:45:59;kauditd;44;0.0;0.0
306;2025-10-13 18:45:59;khungtaskd;45;0.0;0.0
307;2025-10-13 18:45:59;oom_reaper;46;0.0;0.0
308;2025-10-13 18:45:59;kworker/R-writeback;49;0.0;0.0
309;2025-10-13 18:45:59;kcompactd0;50;0.0;0.0
310;2025-10-13 18:45:59;ksmd;51;0.0;0.0
311;2025-10-13 18:45:59;khugepaged;52;0.0;0.0
312;2025-10-13 18:45:59;kworker/R-kintegrityd;53;0.0;0.0
313;2025-10-13 18:45:59;kworker/R-kblockd;54;0.0;0.0
314;2025-10-13 18:45:59;kworker/R-blkcg_punt_bio;55;0.0;0.0
315;2025-10-13 18:45:59;irq/9-acpi;56;0.0;0.0
316;2025-10-13 18:45:59;kworker/R-tpm_dev_wq;59;0.0;0.0
317;2025-10-13 18:45:59;kworker/R-ata_sff;60;0.0;0.0
318;2025-10-13 18:45:59;kworker/R-md;61;0.0;0.0
319;2025-10-13 18:45:59;kworker/R-md_bitmap;62;0.0;0.0
320;2025-10-13 18:45:59;kworker/R-edac-poller;63;0.0;0.0
321;2025-10-13 18:45:59;kworker/R-devfreq_wq;64;0.0;0.0
322;2025-10-13 18:45:59;watchdogd;65;0.0;0.0
323;2025-10-13 18:45:59;kworker/0:1H-kblockd;66;0.0;0.0
324;2025-10-13 18:45:59;kswapd0;68;0.0;0.0
325;2025-10-13 18:45:59;ecryptfs-kthread;69;0.0;0.0
326;2025-10-13 18:45:59;kworker/R-kthrotld;70;0.0;0.0
327;2025-10-13 18:45:59;irq/122-aerdrv;71;0.0;0.0
328;2025-10-13 18:45:59;irq/122-pcie-dpc;72;0.0;0.0
329;2025-10-13 18:45:59;kworker/R-acpi_thermal_pm;73;0.0;0.0
330;2025-10-13 18:45:59;hwrng;74;0.0;0.0
331;2025-10-13 18:45:59;kworker/R-mld;76;0.0;0.0
332;2025-10-13 18:45:59;kworker/R-ipv6_addrconf;77;0.0;0.0
333;2025-10-13 18:45:59;kworker/R-kstrp;84;0.0;0.0
334;2025-10-13 18:45:59;kworker/R-charger_manager;100;0.0;0.0
335;2025-10-13 18:45:59;kworker/2:1H-kblockd;125;0.0;0.0
336;2025-10-13 18:45:59;kworker/3:1H-kblockd;129;0.0;0.0
337;2025-10-13 18:45:59;kworker/1:1H-kblockd;156;0.0;0.0
338;2025-10-13 18:45:59;irq/148-ELAN050A:01;193;0.0;0.0
339;2025-10-13 18:45:59;irq/149-aerdrv;203;0.0;0.0
340;2025-10-13 18:45:59;irq/149-pcie-dpc;204;0.0;0.0
341;2025-10-13 18:45:59;scsi_eh_0;205;0.0;0.0
342;2025-10-13 18:45:59;kworker/R-scsi_tmf_0;206;0.0;0.0
343;2025-10-13 18:45:59;scsi_eh_1;207;0.0;0.0
344;2025-10-13 18:45:59;kworker/R-scsi_tmf_1;208;0.0;0.0
345;2025-10-13 18:45:59;kworker/R-nvme-wq;210;0.0;0.0
346;2025-10-13 18:45:59;kworker/R-nvme-reset-wq;211;0.0;0.0
347;2025-10-13 18:45:59;kworker/R-nvme-delete-wq;212;0.0;0.0
348;2025-10-13 18:45:59;kworker/R-nvme-auth-wq;213;0.0;0.0
349;2025-10-13 18:45:59;jbd2/nvme0n1p2-8;250;0.0;0.0
350;2025-10-13 18:45:59;kworker/R-ext4-rsv-conversion;251;0.0;0.0
351;2025-10-13 18:45:59;systemd-journald;301;0.0;0.3933
352;2025-10-13 18:45:59;systemd-udevd;394;0.0;0.1092
353;2025-10-13 18:45:59;psimon;397;0.0;0.0
354;2025-10-13 18:45:59;irq/156-mei_me;542;0.0;0.0
355;2025-10-13 18:45:59;kworker/R-cfg80211;543;0.0;0.0
356;2025-10-13 18:45:59;kworker/R-cryptd;549;0.0;0.0
357;2025-10-13 18:45:59;kworker/R-ttm;629;0.0;0.0
358;2025-10-13 18:45:59;card1-crtc0;643;0.0;0.0
359;2025-10-13 18:45:59;card1-crtc1;644;0.0;0.0
360;2025-10-13 18:45:59;card1-crtc2;645;0.0;0.0
361;2025-10-13 18:45:59;card1-crtc3;646;0.0;0.0
362;2025-10-13 18:45:59;systemd-oomd;720;0.0;0.0969
363;2025-10-13 18:45:59;systemd-resolved;723;0.0;0.166
364;2025-10-13 18:45:59;systemd-timesyncd;728;0.0;0.0975
365;2025-10-13 18:45:59;avahi-daemon;869;0.0;0.0534
366;2025-10-13 18:45:59;bluetoothd;870;0.0;0.0839
367;2025-10-13 18:45:59;dbus-daemon;871;0.0;0.0945
368;2025-10-13 18:45:59;gnome-remote-desktop-daemon;874;0.0;0.1978
369;2025-10-13 18:45:59;polkitd;879;0.0;0.1633
370;2025-10-13 18:45:59;power-profiles-daemon;887;0.0;0.1071
371;2025-10-13 18:45:59;snapd;895;0.0;0.4712
372;2025-10-13 18:45:59;accounts-daemon;897;0.0;0.1089
373;2025-10-13 18:45:59;cron;898;0.0;0.0345
374;2025-10-13 18:45:59;switcheroo-control;899;0.0;0.0885
375;2025-10-13 18:45:59;systemd-logind;914;0.0;0.118
376;2025-10-13 18:45:59;thermald;915;0.0;0.1401
377;2025-10-13 18:45:59;udisksd;917;0.0;0.169
378;2025-10-13 18:45:59;avahi-daemon;956;0.0;0.0178
379;2025-10-13 18:45:59;rsyslogd;963;0.0;0.0763
380;2025-10-13 18:45:59;NetworkManager;975;0.0;0.2613
381;2025-10-13 18:45:59;wpa_supplicant;982;0.0;0.152
382;2025-10-13 18:45:59;irq/164-AudioDSP;1009;0.0;0.0
383;2025-10-13 18:45:59;ModemManager;1037;0.0;0.1518
384;2025-10-13 18:45:59;kworker/R-iprt-VBoxWQueue;1707;0.0;0.0
385;2025-10-13 18:45:59;iprt-VBoxTscThread;1708;0.0;0.0
386;2025-10-13 18:45:59;cupsd;1737;0.0;0.1453
387;2025-10-13 18:45:59;unattended-upgr;1745;0.0;0.2921
388;2025-10-13 18:45:59;gdm3;1797;0.0;0.1179
389;2025-10-13 18:45:59;mysqld;1813;1.8;5.3422
390;2025-10-13 18:45:59;psimon;1816;0.0;0.0
391;2025-10-13 18:45:59;rtkit-daemon;1904;0.0;0.0446
392;2025-10-13 18:45:59;krfcommd;2021;0.0;0.0
393;2025-10-13 18:45:59;colord;2060;0.0;0.1875
394;2025-10-13 18:45:59;upowerd;2101;0.0;0.1397
395;2025-10-13 18:45:59;gdm-session-worker;2458;0.0;0.138
396;2025-10-13 18:45:59;systemd;2485;0.0;0.1637
397;2025-10-13 18:45:59;(sd-pam);2491;0.0;0.0424
398;2025-10-13 18:45:59;pipewire-pulse;2511;1.8;0.545
399;2025-10-13 18:45:59;gnome-keyring-daemon;2515;0.0;0.132
400;2025-10-13 18:45:59;dbus-daemon;2529;0.0;0.0884
401;2025-10-13 18:45:59;cups-browsed;2559;0.0;0.2445
402;2025-10-13 18:45:59;kerneloops;2564;0.0;0.0276
403;2025-10-13 18:45:59;kerneloops;2568;0.0;0.0298
404;2025-10-13 18:45:59;xdg-document-portal;2583;0.0;0.0981
405;2025-10-13 18:45:59;xdg-permission-store;2587;0.0;0.0801
406;2025-10-13 18:45:59;fusermount3;2594;0.0;0.0255
407;2025-10-13 18:45:59;gdm-wayland-session;2619;0.0;0.0826
408;2025-10-13 18:45:59;gnome-session-binary;2633;0.0;0.207
409;2025-10-13 18:45:59;gcr-ssh-agent;2711;0.0;0.0885
410;2025-10-13 18:45:59;gnome-session-ctl;2714;0.0;0.0666
411;2025-10-13 18:45:59;gvfsd;2733;0.0;0.1062
412;2025-10-13 18:45:59;gvfsd-fuse;2741;0.0;0.0971
413;2025-10-13 18:45:59;gnome-session-binary;2744;0.0;0.2362
414;2025-10-13 18:45:59;at-spi-bus-launcher;2775;0.0;0.0996
415;2025-10-13 18:45:59;gnome-shell;2782;1.8;4.1523
416;2025-10-13 18:45:59;dbus-daemon;2789;0.0;0.0643
417;2025-10-13 18:45:59;at-spi2-registryd;2884;0.0;0.0913
418;2025-10-13 18:45:59;gnome-shell-calendar-server;2906;0.0;0.1911
419;2025-10-13 18:45:59;evolution-source-registry;2913;0.0;0.5472
420;2025-10-13 18:45:59;dconf-service;2914;0.0;0.0744
421;2025-10-13 18:45:59;gjs;2930;0.0;0.2781
422;2025-10-13 18:45:59;ibus-daemon;2934;0.0;0.1606
423;2025-10-13 18:45:59;gsd-a11y-settings;2937;0.0;0.0916
424;2025-10-13 18:45:59;gsd-color;2939;0.0;0.2506
425;2025-10-13 18:45:59;gsd-datetime;2941;0.0;0.1619
426;2025-10-13 18:45:59;gsd-housekeeping;2944;0.0;0.105
427;2025-10-13 18:45:59;gsd-keyboard;2950;0.0;0.2512
428;2025-10-13 18:45:59;gsd-media-keys;2954;0.0;0.3241
429;2025-10-13 18:45:59;gsd-power;2957;0.0;0.3345
430;2025-10-13 18:45:59;gsd-print-notifications;2958;0.0;0.1461
431;2025-10-13 18:45:59;gsd-rfkill;2960;0.0;0.0857
432;2025-10-13 18:45:59;gsd-screensaver-proxy;2964;0.0;0.0802
433;2025-10-13 18:45:59;gsd-sharing;2965;0.0;0.1545
434;2025-10-13 18:45:59;gsd-smartcard;2966;0.0;0.1055
435;2025-10-13 18:45:59;gsd-sound;2967;0.0;0.1281
436;2025-10-13 18:45:59;gsd-wacom;2968;0.0;0.2623
437;2025-10-13 18:45:59;goa-daemon;2970;0.0;0.2745
438;2025-10-13 18:45:59;gnome-software;2993;0.0;3.4721
439;2025-10-13 18:45:59;evolution-alarm-notify;3025;0.0;0.8023
440;2025-10-13 18:45:59;gsd-disk-utility-notify;3032;0.0;0.0962
441;2025-10-13 18:45:59;evolution-calendar-factory;3112;0.0;0.3146
442;2025-10-13 18:45:59;gvfs-udisks2-volume-monitor;3125;0.0;0.1409
443;2025-10-13 18:45:59;goa-identity-service;3160;0.0;0.1109
444;2025-10-13 18:45:59;ibus-dconf;3168;0.0;0.0961
445;2025-10-13 18:45:59;ibus-extension-gtk3;3169;0.0;0.3793
446;2025-10-13 18:45:59;ibus-portal;3171;0.0;0.089
447;2025-10-13 18:45:59;evolution-addressbook-factory;3198;0.0;0.3873
448;2025-10-13 18:45:59;gvfs-goa-volume-monitor;3200;0.0;0.0807
449;2025-10-13 18:45:59;gvfs-afc-volume-monitor;3208;0.0;0.101
450;2025-10-13 18:45:59;gvfs-gphoto2-volume-monitor;3218;0.0;0.0908
451;2025-10-13 18:45:59;gvfs-mtp-volume-monitor;3226;0.0;0.0865
452;2025-10-13 18:45:59;ibus-engine-simple;3244;0.0;0.0996
453;2025-10-13 18:45:59;gvfsd-trash;3272;0.0;0.1234
454;2025-10-13 18:45:59;xdg-desktop-portal;3293;0.0;0.2155
455;2025-10-13 18:45:59;gsd-printer;3322;0.0;0.1892
456;2025-10-13 18:45:59;tracker-miner-fs-3;3323;0.0;0.3563
457;2025-10-13 18:45:59;xdg-desktop-portal-gnome;3325;0.0;1.823
458;2025-10-13 18:45:59;gjs;3342;0.0;0.2718
459;2025-10-13 18:45:59;gjs;3371;0.0;0.8303
460;2025-10-13 18:45:59;xdg-desktop-portal-gtk;3388;0.0;0.3372
461;2025-10-13 18:45:59;snapd-desktop-integration;3391;0.0;0.1214
462;2025-10-13 18:45:59;snapd-desktop-integration;3482;0.0;0.2897
463;2025-10-13 18:45:59;gvfsd-metadata;3486;0.0;0.0877
464;2025-10-13 18:45:59;fwupd;3524;0.0;0.5784
465;2025-10-13 18:45:59;gnome-calendar;3563;0.0;0.6905
466;2025-10-13 18:45:59;Xwayland;3778;0.0;1.544
467;2025-10-13 18:45:59;gsd-xsettings;3815;0.0;1.0633
468;2025-10-13 18:45:59;ibus-x11;3896;0.0;0.3118
469;2025-10-13 18:45:59;mutter-x11-frames;3902;0.0;1.4315
470;2025-10-13 18:45:59;update-notifier;5140;0.0;0.3977
471;2025-10-13 18:45:59;snap;6003;0.0;0.3147
472;2025-10-13 18:45:59;firefox;7111;5.4;7.4671
473;2025-10-13 18:45:59;crashhelper;7177;0.0;0.0276
474;2025-10-13 18:45:59;forkserver;7284;0.0;0.4245
475;2025-10-13 18:45:59;Socket Process;7289;1.8;0.623
476;2025-10-13 18:45:59;RDD Process;7316;0.0;0.6326
477;2025-10-13 18:45:59;WebExtensions;7698;0.0;1.1579
478;2025-10-13 18:45:59;Utility Process;7913;0.0;0.6474
479;2025-10-13 18:45:59;Privileged Cont;8086;0.9;1.785
480;2025-10-13 18:45:59;mysql-workbench;9350;0.0;0.0398
481;2025-10-13 18:45:59;mysql-workbench-bin;9506;0.9;1.9044
482;2025-10-13 18:45:59;uuidd;9531;0.0;0.0425
483;2025-10-13 18:45:59;irq/157-iwlwifi:default_queue;10031;0.9;0.0
484;2025-10-13 18:45:59;irq/158-iwlwifi:queue_1;10032;0.0;0.0
485;2025-10-13 18:45:59;irq/159-iwlwifi:queue_2;10033;0.0;0.0
486;2025-10-13 18:45:59;irq/160-iwlwifi:queue_3;10034;0.9;0.0
487;2025-10-13 18:45:59;irq/161-iwlwifi:queue_4;10035;0.0;0.0
488;2025-10-13 18:45:59;irq/162-iwlwifi:exception;10036;0.0;0.0
489;2025-10-13 18:45:59;Isolated Web Co;12905;44.3;6.0468
490;2025-10-13 18:45:59;kworker/u16:2-events_power_efficient;16189;0.0;0.0
491;2025-10-13 18:45:59;kworker/0:1-events;22573;0.0;0.0
492;2025-10-13 18:45:59;kworker/3:0-events;23548;0.0;0.0
493;2025-10-13 18:45:59;kworker/u17:1-i915_flip;25949;0.0;0.0
494;2025-10-13 18:45:59;kworker/2:2-events;26032;0.0;0.0
495;2025-10-13 18:45:59;kworker/1:3-events;26493;0.0;0.0
496;2025-10-13 18:45:59;kworker/u16:1-events_unbound;26495;0.0;0.0
497;2025-10-13 18:45:59;Isolated Servic;27079;0.0;1.0925
498;2025-10-13 18:45:59;Isolated Web Co;27093;0.0;6.3012
499;2025-10-13 18:45:59;kworker/1:1-i915-unordered;27588;0.0;0.0
500;2025-10-13 18:45:59;kworker/u17:0-rb_allocator;27601;0.0;0.0
501;2025-10-13 18:45:59;kworker/0:0-events;27636;0.0;0.0
502;2025-10-13 18:45:59;kworker/u16:3-kvfree_rcu_reclaim;27638;0.0;0.0
503;2025-10-13 18:45:59;nautilus;27697;0.0;2.1463
504;2025-10-13 18:45:59;gvfsd-recent;27725;0.0;0.1169
505;2025-10-13 18:45:59;code;27934;0.0;2.588
506;2025-10-13 18:45:59;code;27936;0.0;0.642
507;2025-10-13 18:45:59;code;27937;0.0;0.6414
508;2025-10-13 18:45:59;chrome_crashpad_handler;27951;0.0;0.0386
509;2025-10-13 18:45:59;code;27991;0.9;0.9538
510;2025-10-13 18:45:59;code;28042;6.3;5.1984
511;2025-10-13 18:45:59;code;28059;70.7;2.5639
512;2025-10-13 18:45:59;code;28075;0.0;1.5188
513;2025-10-13 18:45:59;code;28076;0.0;1.4001
514;2025-10-13 18:45:59;code;28099;0.9;1.4601
515;2025-10-13 18:45:59;code;28113;0.0;7.4955
516;2025-10-13 18:45:59;kworker/2:0-events;28148;0.0;0.0
517;2025-10-13 18:45:59;bash;28153;0.0;0.0734
518;2025-10-13 18:45:59;kworker/u17:3-rb_allocator;28221;0.0;0.0
519;2025-10-13 18:45:59;Web Content;28295;0.0;0.8616
520;2025-10-13 18:45:59;kworker/u16:0-events_power_efficient;28324;0.0;0.0
521;2025-10-13 18:45:59;pet;28408;0.0;0.0636
522;2025-10-13 18:45:59;bash;28589;0.0;0.0732
523;2025-10-13 18:45:59;code;28605;0.0;5.6726
524;2025-10-13 18:45:59;kworker/3:1-i915-unordered;28672;0.0;0.0
525;2025-10-13 18:45:59;bash;28708;0.0;0.0683
526;2025-10-13 18:45:59;pipewire;28766;0.0;0.2295
527;2025-10-13 18:45:59;wireplumber;28779;0.0;0.2706
528;2025-10-13 18:45:59;Web Content;28922;0.0;0.8593
529;2025-10-13 18:45:59;kworker/1:0-events;29075;0.0;0.0
530;2025-10-13 18:45:59;kworker/2:1-i915-unordered;29149;0.0;0.0
531;2025-10-13 18:45:59;Web Content;29207;0.0;0.8623
532;2025-10-13 18:45:59;kworker/0:2;29272;0.0;0.0
533;2025-10-13 18:45:59;kworker/u16:4-events_unbound;29372;0.0;0.0
534;2025-10-13 18:45:59;python;29379;4.5;0.9975
535;2025-10-13 18:45:59;kworker/3:2-i915-unordered;29383;0.0;0.0
536;2025-10-13 18:45:59;sh;29403;0.0;0.021
537;2025-10-13 18:45:59;cpuUsage.sh;29404;0.0;0.046
538;2025-10-13 18:45:59;sleep;29408;0.0;0.0289
539;2025-10-13 18:46:00;systemd;1;0.0;0.187
540;2025-10-13 18:46:00;kthreadd;2;0.0;0.0
541;2025-10-13 18:46:00;pool_workqueue_release;3;0.0;0.0
542;2025-10-13 18:46:00;kworker/R-rcu_gp;4;0.0;0.0
543;2025-10-13 18:46:00;kworker/R-sync_wq;5;0.0;0.0
544;2025-10-13 18:46:00;kworker/R-kvfree_rcu_reclaim;6;0.0;0.0
545;2025-10-13 18:46:00;kworker/R-slub_flushwq;7;0.0;0.0
546;2025-10-13 18:46:00;kworker/R-netns;8;0.0;0.0
547;2025-10-13 18:46:00;kworker/0:0H-events_highpri;10;0.0;0.0
548;2025-10-13 18:46:00;kworker/R-mm_percpu_wq;13;0.0;0.0
549;2025-10-13 18:46:00;rcu_tasks_kthread;14;0.0;0.0
550;2025-10-13 18:46:00;rcu_tasks_rude_kthread;15;0.0;0.0
551;2025-10-13 18:46:00;rcu_tasks_trace_kthread;16;0.0;0.0
552;2025-10-13 18:46:00;ksoftirqd/0;17;0.0;0.0
553;2025-10-13 18:46:00;rcu_preempt;18;0.0;0.0
554;2025-10-13 18:46:00;rcu_exp_par_gp_kthread_worker/0;19;0.0;0.0
555;2025-10-13 18:46:00;rcu_exp_gp_kthread_worker;20;0.0;0.0
556;2025-10-13 18:46:00;migration/0;21;0.0;0.0
557;2025-10-13 18:46:00;idle_inject/0;22;0.0;0.0
558;2025-10-13 18:46:00;cpuhp/0;23;0.0;0.0
559;2025-10-13 18:46:00;cpuhp/1;24;0.0;0.0
560;2025-10-13 18:46:00;idle_inject/1;25;0.0;0.0
561;2025-10-13 18:46:00;migration/1;26;0.0;0.0
562;2025-10-13 18:46:00;ksoftirqd/1;27;0.0;0.0
563;2025-10-13 18:46:00;kworker/1:0H-events_highpri;29;0.0;0.0
564;2025-10-13 18:46:00;cpuhp/2;30;0.0;0.0
565;2025-10-13 18:46:00;idle_inject/2;31;0.0;0.0
566;2025-10-13 18:46:00;migration/2;32;0.0;0.0
567;2025-10-13 18:46:00;ksoftirqd/2;33;0.0;0.0
568;2025-10-13 18:46:00;kworker/2:0H-events_highpri;35;0.0;0.0
569;2025-10-13 18:46:00;cpuhp/3;36;0.0;0.0
570;2025-10-13 18:46:00;idle_inject/3;37;0.0;0.0
571;2025-10-13 18:46:00;migration/3;38;0.0;0.0
572;2025-10-13 18:46:00;ksoftirqd/3;39;0.0;0.0
573;2025-10-13 18:46:00;kworker/3:0H-events_highpri;41;0.0;0.0
574;2025-10-13 18:46:00;kdevtmpfs;42;0.0;0.0
575;2025-10-13 18:46:00;kworker/R-inet_frag_wq;43;0.0;0.0
576;2025-10-13 18:46:00;kauditd;44;0.0;0.0
577;2025-10-13 18:46:00;khungtaskd;45;0.0;0.0
578;2025-10-13 18:46:00;oom_reaper;46;0.0;0.0
579;2025-10-13 18:46:00;kworker/R-writeback;49;0.0;0.0
580;2025-10-13 18:46:00;kcompactd0;50;0.0;0.0
581;2025-10-13 18:46:00;ksmd;51;0.0;0.0
582;2025-10-13 18:46:00;khugepaged;52;0.0;0.0
583;2025-10-13 18:46:00;kworker/R-kintegrityd;53;0.0;0.0
584;2025-10-13 18:46:00;kworker/R-kblockd;54;0.0;0.0
585;2025-10-13 18:46:00;kworker/R-blkcg_punt_bio;55;0.0;0.0
586;2025-10-13 18:46:00;irq/9-acpi;56;0.0;0.0
587;2025-10-13 18:46:00;kworker/R-tpm_dev_wq;59;0.0;0.0
588;2025-10-13 18:46:00;kworker/R-ata_sff;60;0.0;0.0
589;2025-10-13 18:46:00;kworker/R-md;61;0.0;0.0
590;2025-10-13 18:46:00;kworker/R-md_bitmap;62;0.0;0.0
591;2025-10-13 18:46:00;kworker/R-edac-poller;63;0.0;0.0
592;2025-10-13 18:46:00;kworker/R-devfreq_wq;64;0.0;0.0
593;2025-10-13 18:46:00;watchdogd;65;0.0;0.0
594;2025-10-13 18:46:00;kworker/0:1H-kblockd;66;0.0;0.0
595;2025-10-13 18:46:00;kswapd0;68;0.0;0.0
596;2025-10-13 18:46:00;ecryptfs-kthread;69;0.0;0.0
597;2025-10-13 18:46:00;kworker/R-kthrotld;70;0.0;0.0
598;2025-10-13 18:46:00;irq/122-aerdrv;71;0.0;0.0
599;2025-10-13 18:46:00;irq/122-pcie-dpc;72;0.0;0.0
600;2025-10-13 18:46:00;kworker/R-acpi_thermal_pm;73;0.0;0.0
601;2025-10-13 18:46:00;hwrng;74;0.0;0.0
602;2025-10-13 18:46:00;kworker/R-mld;76;0.0;0.0
603;2025-10-13 18:46:00;kworker/R-ipv6_addrconf;77;0.0;0.0
604;2025-10-13 18:46:00;kworker/R-kstrp;84;0.0;0.0
605;2025-10-13 18:46:00;kworker/R-charger_manager;100;0.0;0.0
606;2025-10-13 18:46:00;kworker/2:1H-i915_cleanup;125;0.0;0.0
607;2025-10-13 18:46:00;kworker/3:1H-kblockd;129;0.0;0.0
608;2025-10-13 18:46:00;kworker/1:1H-i915_cleanup;156;0.0;0.0
609;2025-10-13 18:46:00;irq/148-ELAN050A:01;193;0.0;0.0
610;2025-10-13 18:46:00;irq/149-aerdrv;203;0.0;0.0
611;2025-10-13 18:46:00;irq/149-pcie-dpc;204;0.0;0.0
612;2025-10-13 18:46:00;scsi_eh_0;205;0.0;0.0
613;2025-10-13 18:46:00;kworker/R-scsi_tmf_0;206;0.0;0.0
614;2025-10-13 18:46:00;scsi_eh_1;207;0.0;0.0
615;2025-10-13 18:46:00;kworker/R-scsi_tmf_1;208;0.0;0.0
616;2025-10-13 18:46:00;kworker/R-nvme-wq;210;0.0;0.0
617;2025-10-13 18:46:00;kworker/R-nvme-reset-wq;211;0.0;0.0
618;2025-10-13 18:46:00;kworker/R-nvme-delete-wq;212;0.0;0.0
619;2025-10-13 18:46:00;kworker/R-nvme-auth-wq;213;0.0;0.0
620;2025-10-13 18:46:00;jbd2/nvme0n1p2-8;250;0.9;0.0
621;2025-10-13 18:46:00;kworker/R-ext4-rsv-conversion;251;0.0;0.0
622;2025-10-13 18:46:00;systemd-journald;301;0.0;0.3933
623;2025-10-13 18:46:00;systemd-udevd;394;0.0;0.1092
624;2025-10-13 18:46:00;psimon;397;0.0;0.0
625;2025-10-13 18:46:00;irq/156-mei_me;542;0.0;0.0
626;2025-10-13 18:46:00;kworker/R-cfg80211;543;0.0;0.0
627;2025-10-13 18:46:00;kworker/R-cryptd;549;0.0;0.0
628;2025-10-13 18:46:00;kworker/R-ttm;629;0.0;0.0
629;2025-10-13 18:46:00;card1-crtc0;643;0.0;0.0
630;2025-10-13 18:46:00;card1-crtc1;644;0.0;0.0
631;2025-10-13 18:46:00;card1-crtc2;645;0.0;0.0
632;2025-10-13 18:46:00;card1-crtc3;646;0.0;0.0
633;2025-10-13 18:46:00;systemd-oomd;720;0.0;0.0969
634;2025-10-13 18:46:00;systemd-resolved;723;0.0;0.166
635;2025-10-13 18:46:00;systemd-timesyncd;728;0.0;0.0975
636;2025-10-13 18:46:00;avahi-daemon;869;0.0;0.0534
637;2025-10-13 18:46:00;bluetoothd;870;0.0;0.0839
638;2025-10-13 18:46:00;dbus-daemon;871;0.0;0.0945
639;2025-10-13 18:46:00;gnome-remote-desktop-daemon;874;0.0;0.1978
640;2025-10-13 18:46:00;polkitd;879;0.0;0.1633
641;2025-10-13 18:46:00;power-profiles-daemon;887;0.0;0.1071
642;2025-10-13 18:46:00;snapd;895;0.0;0.4712
643;2025-10-13 18:46:00;accounts-daemon;897;0.0;0.1089
644;2025-10-13 18:46:00;cron;898;0.0;0.0345
645;2025-10-13 18:46:00;switcheroo-control;899;0.0;0.0885
646;2025-10-13 18:46:00;systemd-logind;914;0.0;0.118
647;2025-10-13 18:46:00;thermald;915;0.0;0.1401
648;2025-10-13 18:46:00;udisksd;917;0.0;0.169
649;2025-10-13 18:46:00;avahi-daemon;956;0.0;0.0178
650;2025-10-13 18:46:00;rsyslogd;963;0.0;0.0763
651;2025-10-13 18:46:00;NetworkManager;975;0.0;0.2613
652;2025-10-13 18:46:00;wpa_supplicant;982;0.0;0.152
653;2025-10-13 18:46:00;irq/164-AudioDSP;1009;0.0;0.0
654;2025-10-13 18:46:00;ModemManager;1037;0.0;0.1518
655;2025-10-13 18:46:00;kworker/R-iprt-VBoxWQueue;1707;0.0;0.0
656;2025-10-13 18:46:00;iprt-VBoxTscThread;1708;0.0;0.0
657;2025-10-13 18:46:00;cupsd;1737;0.0;0.1453
658;2025-10-13 18:46:00;unattended-upgr;1745;0.0;0.2921
659;2025-10-13 18:46:00;gdm3;1797;0.0;0.1179
660;2025-10-13 18:46:00;mysqld;1813;1.8;5.3422
661;2025-10-13 18:46:00;psimon;1816;0.0;0.0
662;2025-10-13 18:46:00;rtkit-daemon;1904;0.0;0.0446
663;2025-10-13 18:46:00;krfcommd;2021;0.0;0.0
664;2025-10-13 18:46:00;colord;2060;0.0;0.1875
665;2025-10-13 18:46:00;upowerd;2101;0.0;0.1397
666;2025-10-13 18:46:00;gdm-session-worker;2458;0.0;0.138
667;2025-10-13 18:46:00;systemd;2485;0.0;0.1637
668;2025-10-13 18:46:00;(sd-pam);2491;0.0;0.0424
669;2025-10-13 18:46:00;pipewire-pulse;2511;1.8;0.545
670;2025-10-13 18:46:00;gnome-keyring-daemon;2515;0.0;0.132
671;2025-10-13 18:46:00;dbus-daemon;2529;0.0;0.0884
672;2025-10-13 18:46:00;cups-browsed;2559;0.0;0.2445
673;2025-10-13 18:46:00;kerneloops;2564;0.0;0.0276
674;2025-10-13 18:46:00;kerneloops;2568;0.0;0.0298
675;2025-10-13 18:46:00;xdg-document-portal;2583;0.0;0.0981
676;2025-10-13 18:46:00;xdg-permission-store;2587;0.0;0.0801
677;2025-10-13 18:46:00;fusermount3;2594;0.0;0.0255
678;2025-10-13 18:46:00;gdm-wayland-session;2619;0.0;0.0826
679;2025-10-13 18:46:00;gnome-session-binary;2633;0.0;0.207
680;2025-10-13 18:46:00;gcr-ssh-agent;2711;0.0;0.0885
681;2025-10-13 18:46:00;gnome-session-ctl;2714;0.0;0.0666
682;2025-10-13 18:46:00;gvfsd;2733;0.0;0.1062
683;2025-10-13 18:46:00;gvfsd-fuse;2741;0.0;0.0971
684;2025-10-13 18:46:00;gnome-session-binary;2744;0.0;0.2362
685;2025-10-13 18:46:00;at-spi-bus-launcher;2775;0.0;0.0996
686;2025-10-13 18:46:00;gnome-shell;2782;0.9;4.1523
687;2025-10-13 18:46:00;dbus-daemon;2789;0.0;0.0643
688;2025-10-13 18:46:00;at-spi2-registryd;2884;0.0;0.0913
689;2025-10-13 18:46:00;gnome-shell-calendar-server;2906;0.0;0.1911
690;2025-10-13 18:46:00;evolution-source-registry;2913;0.0;0.5472
691;2025-10-13 18:46:00;dconf-service;2914;0.0;0.0744
692;2025-10-13 18:46:00;gjs;2930;0.0;0.2781
693;2025-10-13 18:46:00;ibus-daemon;2934;0.0;0.1606
694;2025-10-13 18:46:00;gsd-a11y-settings;2937;0.0;0.0916
695;2025-10-13 18:46:00;gsd-color;2939;0.0;0.2506
696;2025-10-13 18:46:00;gsd-datetime;2941;0.0;0.1619
697;2025-10-13 18:46:00;gsd-housekeeping;2944;0.0;0.105
698;2025-10-13 18:46:00;gsd-keyboard;2950;0.0;0.2512
699;2025-10-13 18:46:00;gsd-media-keys;2954;0.0;0.3241
700;2025-10-13 18:46:00;gsd-power;2957;0.0;0.3345
701;2025-10-13 18:46:00;gsd-print-notifications;2958;0.0;0.1461
702;2025-10-13 18:46:00;gsd-rfkill;2960;0.0;0.0857
703;2025-10-13 18:46:00;gsd-screensaver-proxy;2964;0.0;0.0802
704;2025-10-13 18:46:00;gsd-sharing;2965;0.0;0.1545
705;2025-10-13 18:46:00;gsd-smartcard;2966;0.0;0.1055
706;2025-10-13 18:46:00;gsd-sound;2967;0.0;0.1281
707;2025-10-13 18:46:00;gsd-wacom;2968;0.0;0.2623
708;2025-10-13 18:46:00;goa-daemon;2970;0.0;0.2745
709;2025-10-13 18:46:00;gnome-software;2993;0.0;3.4721
710;2025-10-13 18:46:00;evolution-alarm-notify;3025;0.0;0.8023
711;2025-10-13 18:46:00;gsd-disk-utility-notify;3032;0.0;0.0962
712;2025-10-13 18:46:00;evolution-calendar-factory;3112;0.0;0.3146
713;2025-10-13 18:46:00;gvfs-udisks2-volume-monitor;3125;0.0;0.1409
714;2025-10-13 18:46:00;goa-identity-service;3160;0.0;0.1109
715;2025-10-13 18:46:00;ibus-dconf;3168;0.0;0.0961
716;2025-10-13 18:46:00;ibus-extension-gtk3;3169;0.0;0.3793
717;2025-10-13 18:46:00;ibus-portal;3171;0.0;0.089
718;2025-10-13 18:46:00;evolution-addressbook-factory;3198;0.0;0.3873
719;2025-10-13 18:46:00;gvfs-goa-volume-monitor;3200;0.0;0.0807
720;2025-10-13 18:46:00;gvfs-afc-volume-monitor;3208;0.0;0.101
721;2025-10-13 18:46:00;gvfs-gphoto2-volume-monitor;3218;0.0;0.0908
722;2025-10-13 18:46:00;gvfs-mtp-volume-monitor;3226;0.0;0.0865
723;2025-10-13 18:46:00;ibus-engine-simple;3244;0.0;0.0996
724;2025-10-13 18:46:00;gvfsd-trash;3272;0.0;0.1234
725;2025-10-13 18:46:00;xdg-desktop-portal;3293;0.0;0.2155
726;2025-10-13 18:46:00;gsd-printer;3322;0.0;0.1892
727;2025-10-13 18:46:00;tracker-miner-fs-3;3323;0.0;0.3563
728;2025-10-13 18:46:00;xdg-desktop-portal-gnome;3325;0.0;1.823
729;2025-10-13 18:46:00;gjs;3342;0.0;0.2718
730;2025-10-13 18:46:00;gjs;3371;0.0;0.8303
731;2025-10-13 18:46:00;xdg-desktop-portal-gtk;3388;0.0;0.3372
732;2025-10-13 18:46:00;snapd-desktop-integration;3391;0.0;0.1214
733;2025-10-13 18:46:00;snapd-desktop-integration;3482;0.0;0.2897
734;2025-10-13 18:46:00;gvfsd-metadata;3486;0.0;0.0877
735;2025-10-13 18:46:00;fwupd;3524;0.0;0.5784
736;2025-10-13 18:46:00;gnome-calendar;3563;0.0;0.6905
737;2025-10-13 18:46:00;Xwayland;3778;0.9;1.544
738;2025-10-13 18:46:00;gsd-xsettings;3815;0.0;1.0633
739;2025-10-13 18:46:00;ibus-x11;3896;0.0;0.3118
740;2025-10-13 18:46:00;mutter-x11-frames;3902;0.0;1.4315
741;2025-10-13 18:46:00;update-notifier;5140;0.0;0.3977
742;2025-10-13 18:46:00;snap;6003;0.0;0.3147
743;2025-10-13 18:46:00;firefox;7111;4.6;7.4662
744;2025-10-13 18:46:00;crashhelper;7177;0.0;0.0276
745;2025-10-13 18:46:00;forkserver;7284;0.0;0.4245
746;2025-10-13 18:46:00;Socket Process;7289;1.9;0.623
747;2025-10-13 18:46:00;RDD Process;7316;0.0;0.6326
748;2025-10-13 18:46:00;WebExtensions;7698;0.0;1.1579
749;2025-10-13 18:46:00;Utility Process;7913;0.0;0.6474
750;2025-10-13 18:46:00;Privileged Cont;8086;0.0;1.785
751;2025-10-13 18:46:00;mysql-workbench;9350;0.0;0.0398
752;2025-10-13 18:46:00;mysql-workbench-bin;9506;0.0;1.9044
753;2025-10-13 18:46:00;uuidd;9531;0.0;0.0425
754;2025-10-13 18:46:00;irq/157-iwlwifi:default_queue;10031;0.0;0.0
755;2025-10-13 18:46:00;irq/158-iwlwifi:queue_1;10032;0.0;0.0
756;2025-10-13 18:46:00;irq/159-iwlwifi:queue_2;10033;0.0;0.0
757;2025-10-13 18:46:00;irq/160-iwlwifi:queue_3;10034;0.0;0.0
758;2025-10-13 18:46:00;irq/161-iwlwifi:queue_4;10035;0.0;0.0
759;2025-10-13 18:46:00;irq/162-iwlwifi:exception;10036;0.0;0.0
760;2025-10-13 18:46:00;Isolated Web Co;12905;34.4;6.0533
761;2025-10-13 18:46:00;kworker/u16:2-events_power_efficient;16189;0.0;0.0
762;2025-10-13 18:46:00;kworker/0:1-events;22573;0.0;0.0
763;2025-10-13 18:46:00;kworker/3:0-events;23548;0.0;0.0
764;2025-10-13 18:46:00;kworker/u17:1-rb_allocator;25949;0.0;0.0
765;2025-10-13 18:46:00;kworker/2:2-events;26032;0.0;0.0
766;2025-10-13 18:46:00;kworker/1:3-events;26493;0.0;0.0
767;2025-10-13 18:46:00;kworker/u16:1-events_power_efficient;26495;0.0;0.0
768;2025-10-13 18:46:00;Isolated Servic;27079;0.0;1.0924
769;2025-10-13 18:46:00;Isolated Web Co;27093;2.8;6.3012
770;2025-10-13 18:46:00;kworker/1:1-i915-unordered;27588;0.0;0.0
771;2025-10-13 18:46:00;kworker/u17:0-rb_allocator;27601;0.0;0.0
772;2025-10-13 18:46:00;kworker/0:0-events;27636;0.0;0.0
773;2025-10-13 18:46:00;kworker/u16:3-kvfree_rcu_reclaim;27638;0.0;0.0
774;2025-10-13 18:46:00;nautilus;27697;0.0;2.1463
775;2025-10-13 18:46:00;gvfsd-recent;27725;0.0;0.1169
776;2025-10-13 18:46:00;code;27934;0.0;2.588
777;2025-10-13 18:46:00;code;27936;0.0;0.642
778;2025-10-13 18:46:00;code;27937;0.0;0.6414
779;2025-10-13 18:46:00;chrome_crashpad_handler;27951;0.0;0.0386
780;2025-10-13 18:46:00;code;27991;0.0;0.9538
781;2025-10-13 18:46:00;code;28042;2.8;5.1819
782;2025-10-13 18:46:00;code;28059;49.3;2.5639
783;2025-10-13 18:46:00;code;28075;0.0;1.5188
784;2025-10-13 18:46:00;code;28076;0.0;1.4001
785;2025-10-13 18:46:00;code;28099;0.9;1.4582
786;2025-10-13 18:46:00;code;28113;0.9;7.4955
787;2025-10-13 18:46:00;kworker/2:0-events;28148;0.0;0.0
788;2025-10-13 18:46:00;bash;28153;0.0;0.0734
789;2025-10-13 18:46:00;kworker/u17:3-rb_allocator;28221;0.0;0.0
790;2025-10-13 18:46:00;Web Content;28295;0.0;0.8616
791;2025-10-13 18:46:00;kworker/u16:0-events_power_efficient;28324;0.0;0.0
792;2025-10-13 18:46:00;pet;28408;0.0;0.0636
793;2025-10-13 18:46:00;bash;28589;0.0;0.0732
794;2025-10-13 18:46:00;code;28605;0.0;5.6726
795;2025-10-13 18:46:00;kworker/3:1-i915-unordered;28672;0.0;0.0
796;2025-10-13 18:46:00;bash;28708;0.0;0.0683
797;2025-10-13 18:46:00;pipewire;28766;1.9;0.2295
798;2025-10-13 18:46:00;wireplumber;28779;0.0;0.2706
799;2025-10-13 18:46:00;Web Content;28922;0.0;0.8593
800;2025-10-13 18:46:00;kworker/1:0-events;29075;0.0;0.0
801;2025-10-13 18:46:00;kworker/2:1-i915-unordered;29149;0.0;0.0
802;2025-10-13 18:46:00;Web Content;29207;0.0;0.8623
803;2025-10-13 18:46:00;kworker/0:2;29272;0.0;0.0
804;2025-10-13 18:46:00;kworker/u16:4-events_unbound;29372;0.0;0.0
805;2025-10-13 18:46:00;python;29379;3.7;0.9975
806;2025-10-13 18:46:00;kworker/3:2-i915-unordered;29383;0.0;0.0
807;2025-10-13 18:46:01;systemd;1;0.0;0.187
808;2025-10-13 18:46:01;kthreadd;2;0.0;0.0
809;2025-10-13 18:46:01;pool_workqueue_release;3;0.0;0.0
810;2025-10-13 18:46:01;kworker/R-rcu_gp;4;0.0;0.0
811;2025-10-13 18:46:01;kworker/R-sync_wq;5;0.0;0.0
812;2025-10-13 18:46:01;kworker/R-kvfree_rcu_reclaim;6;0.0;0.0
813;2025-10-13 18:46:01;kworker/R-slub_flushwq;7;0.0;0.0
814;2025-10-13 18:46:01;kworker/R-netns;8;0.0;0.0
815;2025-10-13 18:46:01;kworker/0:0H-events_highpri;10;0.0;0.0
816;2025-10-13 18:46:01;kworker/R-mm_percpu_wq;13;0.0;0.0
817;2025-10-13 18:46:01;rcu_tasks_kthread;14;0.0;0.0
818;2025-10-13 18:46:01;rcu_tasks_rude_kthread;15;0.0;0.0
819;2025-10-13 18:46:01;rcu_tasks_trace_kthread;16;0.0;0.0
820;2025-10-13 18:46:01;ksoftirqd/0;17;0.0;0.0
821;2025-10-13 18:46:01;rcu_preempt;18;0.0;0.0
822;2025-10-13 18:46:01;rcu_exp_par_gp_kthread_worker/0;19;0.0;0.0
823;2025-10-13 18:46:01;rcu_exp_gp_kthread_worker;20;0.0;0.0
824;2025-10-13 18:46:01;migration/0;21;0.0;0.0
825;2025-10-13 18:46:01;idle_inject/0;22;0.0;0.0
826;2025-10-13 18:46:01;cpuhp/0;23;0.0;0.0
827;2025-10-13 18:46:01;cpuhp/1;24;0.0;0.0
828;2025-10-13 18:46:01;idle_inject/1;25;0.0;0.0
829;2025-10-13 18:46:01;migration/1;26;0.0;0.0
830;2025-10-13 18:46:01;ksoftirqd/1;27;0.0;0.0
831;2025-10-13 18:46:01;kworker/1:0H-events_highpri;29;0.0;0.0
832;2025-10-13 18:46:01;cpuhp/2;30;0.0;0.0
833;2025-10-13 18:46:01;idle_inject/2;31;0.0;0.0
834;2025-10-13 18:46:01;migration/2;32;0.0;0.0
835;2025-10-13 18:46:01;ksoftirqd/2;33;0.0;0.0
836;2025-10-13 18:46:01;kworker/2:0H-events_highpri;35;0.0;0.0
837;2025-10-13 18:46:01;cpuhp/3;36;0.0;0.0
838;2025-10-13 18:46:01;idle_inject/3;37;0.0;0.0
839;2025-10-13 18:46:01;migration/3;38;0.0;0.0
840;2025-10-13 18:46:01;ksoftirqd/3;39;0.0;0.0
841;2025-10-13 18:46:01;kworker/3:0H-events_highpri;41;0.0;0.0
842;2025-10-13 18:46:01;kdevtmpfs;42;0.0;0.0
843;2025-10-13 18:46:01;kworker/R-inet_frag_wq;43;0.0;0.0
844;2025-10-13 18:46:01;kauditd;44;0.0;0.0
845;2025-10-13 18:46:01;khungtaskd;45;0.0;0.0
846;2025-10-13 18:46:01;oom_reaper;46;0.0;0.0
847;2025-10-13 18:46:01;kworker/R-writeback;49;0.0;0.0
848;2025-10-13 18:46:01;kcompactd0;50;0.0;0.0
849;2025-10-13 18:46:01;ksmd;51;0.0;0.0
850;2025-10-13 18:46:01;khugepaged;52;0.0;0.0
851;2025-10-13 18:46:01;kworker/R-kintegrityd;53;0.0;0.0
852;2025-10-13 18:46:01;kworker/R-kblockd;54;0.0;0.0
853;2025-10-13 18:46:01;kworker/R-blkcg_punt_bio;55;0.0;0.0
854;2025-10-13 18:46:01;irq/9-acpi;56;0.0;0.0
855;2025-10-13 18:46:01;kworker/R-tpm_dev_wq;59;0.0;0.0
856;2025-10-13 18:46:01;kworker/R-ata_sff;60;0.0;0.0
857;2025-10-13 18:46:01;kworker/R-md;61;0.0;0.0
858;2025-10-13 18:46:01;kworker/R-md_bitmap;62;0.0;0.0
859;2025-10-13 18:46:01;kworker/R-edac-poller;63;0.0;0.0
860;2025-10-13 18:46:01;kworker/R-devfreq_wq;64;0.0;0.0
861;2025-10-13 18:46:01;watchdogd;65;0.0;0.0
862;2025-10-13 18:46:01;kworker/0:1H-kblockd;66;0.0;0.0
863;2025-10-13 18:46:01;kswapd0;68;0.0;0.0
864;2025-10-13 18:46:01;ecryptfs-kthread;69;0.0;0.0
865;2025-10-13 18:46:01;kworker/R-kthrotld;70;0.0;0.0
866;2025-10-13 18:46:01;irq/122-aerdrv;71;0.0;0.0
867;2025-10-13 18:46:01;irq/122-pcie-dpc;72;0.0;0.0
868;2025-10-13 18:46:01;kworker/R-acpi_thermal_pm;73;0.0;0.0
869;2025-10-13 18:46:01;hwrng;74;0.0;0.0
870;2025-10-13 18:46:01;kworker/R-mld;76;0.0;0.0
871;2025-10-13 18:46:01;kworker/R-ipv6_addrconf;77;0.0;0.0
872;2025-10-13 18:46:01;kworker/R-kstrp;84;0.0;0.0
873;2025-10-13 18:46:01;kworker/R-charger_manager;100;0.0;0.0
874;2025-10-13 18:46:01;kworker/2:1H-i915_cleanup;125;0.0;0.0
875;2025-10-13 18:46:01;kworker/3:1H-kblockd;129;0.0;0.0
876;2025-10-13 18:46:01;kworker/1:1H-i915_cleanup;156;0.0;0.0
877;2025-10-13 18:46:01;irq/148-ELAN050A:01;193;0.0;0.0
878;2025-10-13 18:46:01;irq/149-aerdrv;203;0.0;0.0
879;2025-10-13 18:46:01;irq/149-pcie-dpc;204;0.0;0.0
880;2025-10-13 18:46:01;scsi_eh_0;205;0.0;0.0
881;2025-10-13 18:46:01;kworker/R-scsi_tmf_0;206;0.0;0.0
882;2025-10-13 18:46:01;scsi_eh_1;207;0.0;0.0
883;2025-10-13 18:46:01;kworker/R-scsi_tmf_1;208;0.0;0.0
884;2025-10-13 18:46:01;kworker/R-nvme-wq;210;0.0;0.0
885;2025-10-13 18:46:01;kworker/R-nvme-reset-wq;211;0.0;0.0
886;2025-10-13 18:46:01;kworker/R-nvme-delete-wq;212;0.0;0.0
887;2025-10-13 18:46:01;kworker/R-nvme-auth-wq;213;0.0;0.0
888;2025-10-13 18:46:01;jbd2/nvme0n1p2-8;250;0.0;0.0
889;2025-10-13 18:46:01;kworker/R-ext4-rsv-conversion;251;0.0;0.0
890;2025-10-13 18:46:01;systemd-journald;301;0.0;0.3933
891;2025-10-13 18:46:01;systemd-udevd;394;0.0;0.1092
892;2025-10-13 18:46:01;psimon;397;0.0;0.0
893;2025-10-13 18:46:01;irq/156-mei_me;542;0.0;0.0
894;2025-10-13 18:46:01;kworker/R-cfg80211;543;0.0;0.0
895;2025-10-13 18:46:01;kworker/R-cryptd;549;0.0;0.0
896;2025-10-13 18:46:01;kworker/R-ttm;629;0.0;0.0
897;2025-10-13 18:46:01;card1-crtc0;643;0.0;0.0
898;2025-10-13 18:46:01;card1-crtc1;644;0.0;0.0
899;2025-10-13 18:46:01;card1-crtc2;645;0.0;0.0
900;2025-10-13 18:46:01;card1-crtc3;646;0.0;0.0
901;2025-10-13 18:46:01;systemd-oomd;720;0.0;0.0969
902;2025-10-13 18:46:01;systemd-resolved;723;0.0;0.166
903;2025-10-13 18:46:01;systemd-timesyncd;728;0.0;0.0975
904;2025-10-13 18:46:01;avahi-daemon;869;0.0;0.0534
905;2025-10-13 18:46:01;bluetoothd;870;0.0;0.0839
906;2025-10-13 18:46:01;dbus-daemon;871;0.0;0.0945
907;2025-10-13 18:46:01;gnome-remote-desktop-daemon;874;0.0;0.1978
908;2025-10-13 18:46:01;polkitd;879;0.0;0.1633
909;2025-10-13 18:46:01;power-profiles-daemon;887;0.0;0.1071
910;2025-10-13 18:46:01;snapd;895;0.0;0.4712
911;2025-10-13 18:46:01;accounts-daemon;897;0.0;0.1089
912;2025-10-13 18:46:01;cron;898;0.0;0.0345
913;2025-10-13 18:46:01;switcheroo-control;899;0.0;0.0885
914;2025-10-13 18:46:01;systemd-logind;914;0.0;0.118
915;2025-10-13 18:46:01;thermald;915;0.0;0.1401
916;2025-10-13 18:46:01;udisksd;917;0.0;0.169
917;2025-10-13 18:46:01;avahi-daemon;956;0.0;0.0178
918;2025-10-13 18:46:01;rsyslogd;963;0.0;0.0763
919;2025-10-13 18:46:01;NetworkManager;975;0.0;0.2613
920;2025-10-13 18:46:01;wpa_supplicant;982;0.0;0.152
921;2025-10-13 18:46:01;irq/164-AudioDSP;1009;0.0;0.0
922;2025-10-13 18:46:01;ModemManager;1037;0.0;0.1518
923;2025-10-13 18:46:01;kworker/R-iprt-VBoxWQueue;1707;0.0;0.0
924;2025-10-13 18:46:01;iprt-VBoxTscThread;1708;0.0;0.0
925;2025-10-13 18:46:01;cupsd;1737;0.0;0.1453
926;2025-10-13 18:46:01;unattended-upgr;1745;0.0;0.2921
927;2025-10-13 18:46:01;gdm3;1797;0.0;0.1179
928;2025-10-13 18:46:01;mysqld;1813;0.9;5.3422
929;2025-10-13 18:46:01;psimon;1816;0.0;0.0
930;2025-10-13 18:46:01;rtkit-daemon;1904;0.0;0.0446
931;2025-10-13 18:46:01;krfcommd;2021;0.0;0.0
932;2025-10-13 18:46:01;colord;2060;0.0;0.1875
933;2025-10-13 18:46:01;upowerd;2101;0.0;0.1397
934;2025-10-13 18:46:01;gdm-session-worker;2458;0.0;0.138
935;2025-10-13 18:46:01;systemd;2485;0.0;0.1637
936;2025-10-13 18:46:01;(sd-pam);2491;0.0;0.0424
937;2025-10-13 18:46:01;pipewire-pulse;2511;0.9;0.545
938;2025-10-13 18:46:01;gnome-keyring-daemon;2515;0.0;0.132
939;2025-10-13 18:46:01;dbus-daemon;2529;0.0;0.0884
940;2025-10-13 18:46:01;cups-browsed;2559;0.0;0.2445
941;2025-10-13 18:46:01;kerneloops;2564;0.0;0.0276
942;2025-10-13 18:46:01;kerneloops;2568;0.0;0.0298
943;2025-10-13 18:46:01;xdg-document-portal;2583;0.0;0.0981
944;2025-10-13 18:46:01;xdg-permission-store;2587;0.0;0.0801
945;2025-10-13 18:46:01;fusermount3;2594;0.0;0.0255
946;2025-10-13 18:46:01;gdm-wayland-session;2619;0.0;0.0826
947;2025-10-13 18:46:01;gnome-session-binary;2633;0.0;0.207
948;2025-10-13 18:46:01;gcr-ssh-agent;2711;0.0;0.0885
949;2025-10-13 18:46:01;gnome-session-ctl;2714;0.0;0.0666
950;2025-10-13 18:46:01;gvfsd;2733;0.0;0.1062
951;2025-10-13 18:46:01;gvfsd-fuse;2741;0.0;0.0971
952;2025-10-13 18:46:01;gnome-session-binary;2744;0.0;0.2362
953;2025-10-13 18:46:01;at-spi-bus-launcher;2775;0.0;0.0996
954;2025-10-13 18:46:01;gnome-shell;2782;0.0;4.1523
955;2025-10-13 18:46:01;dbus-daemon;2789;0.0;0.0643
956;2025-10-13 18:46:01;at-spi2-registryd;2884;0.0;0.0913
957;2025-10-13 18:46:01;gnome-shell-calendar-server;2906;0.0;0.1911
958;2025-10-13 18:46:01;evolution-source-registry;2913;0.0;0.5472
959;2025-10-13 18:46:01;dconf-service;2914;0.0;0.0744
960;2025-10-13 18:46:01;gjs;2930;0.0;0.2781
961;2025-10-13 18:46:01;ibus-daemon;2934;0.0;0.1606
962;2025-10-13 18:46:01;gsd-a11y-settings;2937;0.0;0.0916
963;2025-10-13 18:46:01;gsd-color;2939;0.0;0.2506
964;2025-10-13 18:46:01;gsd-datetime;2941;0.0;0.1619
965;2025-10-13 18:46:01;gsd-housekeeping;2944;0.0;0.105
966;2025-10-13 18:46:01;gsd-keyboard;2950;0.0;0.2512
967;2025-10-13 18:46:01;gsd-media-keys;2954;0.0;0.3241
968;2025-10-13 18:46:01;gsd-power;2957;0.0;0.3345
969;2025-10-13 18:46:01;gsd-print-notifications;2958;0.0;0.1461
970;2025-10-13 18:46:01;gsd-rfkill;2960;0.0;0.0857
971;2025-10-13 18:46:01;gsd-screensaver-proxy;2964;0.0;0.0802
972;2025-10-13 18:46:01;gsd-sharing;2965;0.0;0.1545
973;2025-10-13 18:46:01;gsd-smartcard;2966;0.0;0.1055
974;2025-10-13 18:46:01;gsd-sound;2967;0.0;0.1281
975;2025-10-13 18:46:01;gsd-wacom;2968;0.0;0.2623
976;2025-10-13 18:46:01;goa-daemon;2970;0.0;0.2745
977;2025-10-13 18:46:01;gnome-software;2993;0.0;3.4721
978;2025-10-13 18:46:01;evolution-alarm-notify;3025;0.0;0.8023
979;2025-10-13 18:46:01;gsd-disk-utility-notify;3032;0.0;0.0962
980;2025-10-13 18:46:01;evolution-calendar-factory;3112;0.0;0.3146
981;2025-10-13 18:46:01;gvfs-udisks2-volume-monitor;3125;0.0;0.1409
982;2025-10-13 18:46:01;goa-identity-service;3160;0.0;0.1109
983;2025-10-13 18:46:01;ibus-dconf;3168;0.0;0.0961
984;2025-10-13 18:46:01;ibus-extension-gtk3;3169;0.0;0.3793
985;2025-10-13 18:46:01;ibus-portal;3171;0.0;0.089
986;2025-10-13 18:46:01;evolution-addressbook-factory;3198;0.0;0.3873
987;2025-10-13 18:46:01;gvfs-goa-volume-monitor;3200;0.0;0.0807
988;2025-10-13 18:46:01;gvfs-afc-volume-monitor;3208;0.0;0.101
989;2025-10-13 18:46:01;gvfs-gphoto2-volume-monitor;3218;0.0;0.0908
990;2025-10-13 18:46:01;gvfs-mtp-volume-monitor;3226;0.0;0.0865
991;2025-10-13 18:46:01;ibus-engine-simple;3244;0.0;0.0996
992;2025-10-13 18:46:01;gvfsd-trash;3272;0.0;0.1234
993;2025-10-13 18:46:01;xdg-desktop-portal;3293;0.0;0.2155
994;2025-10-13 18:46:01;gsd-printer;3322;0.0;0.1892
995;2025-10-13 18:46:01;tracker-miner-fs-3;3323;0.0;0.3563
996;2025-10-13 18:46:01;xdg-desktop-portal-gnome;3325;0.0;1.823
997;2025-10-13 18:46:01;gjs;3342;0.0;0.2718
998;2025-10-13 18:46:01;gjs;3371;0.0;0.8303
999;2025-10-13 18:46:01;xdg-desktop-portal-gtk;3388;0.0;0.3372
1000;2025-10-13 18:46:01;snapd-desktop-integration;3391;0.0;0.1214
1001;2025-10-13 18:46:01;snapd-desktop-integration;3482;0.0;0.2897
1002;2025-10-13 18:46:01;gvfsd-metadata;3486;0.0;0.0877
1003;2025-10-13 18:46:01;fwupd;3524;0.0;0.5784
1004;2025-10-13 18:46:01;gnome-calendar;3563;0.0;0.6905
1005;2025-10-13 18:46:01;Xwayland;3778;0.9;1.544
1006;2025-10-13 18:46:01;gsd-xsettings;3815;0.0;1.0633
1007;2025-10-13 18:46:01;ibus-x11;3896;0.0;0.3118
1008;2025-10-13 18:46:01;mutter-x11-frames;3902;0.0;1.4315
1009;2025-10-13 18:46:01;update-notifier;5140;0.0;0.3977
1010;2025-10-13 18:46:01;snap;6003;0.0;0.3147
1011;2025-10-13 18:46:01;firefox;7111;6.4;7.4666
1012;2025-10-13 18:46:01;crashhelper;7177;0.0;0.0276
1013;2025-10-13 18:46:01;forkserver;7284;0.0;0.4245
1014;2025-10-13 18:46:01;Socket Process;7289;0.0;0.623
1015;2025-10-13 18:46:01;RDD Process;7316;0.0;0.6326
1016;2025-10-13 18:46:01;WebExtensions;7698;0.0;1.1579
1017;2025-10-13 18:46:01;Utility Process;7913;0.0;0.6474
1018;2025-10-13 18:46:01;Privileged Cont;8086;0.0;1.785
1019;2025-10-13 18:46:01;mysql-workbench;9350;0.0;0.0398
1020;2025-10-13 18:46:01;mysql-workbench-bin;9506;0.0;1.9044
1021;2025-10-13 18:46:01;uuidd;9531;0.0;0.0425
1022;2025-10-13 18:46:01;irq/157-iwlwifi:default_queue;10031;0.0;0.0
1023;2025-10-13 18:46:01;irq/158-iwlwifi:queue_1;10032;0.0;0.0
1024;2025-10-13 18:46:01;irq/159-iwlwifi:queue_2;10033;0.0;0.0
1025;2025-10-13 18:46:01;irq/160-iwlwifi:queue_3;10034;0.0;0.0
1026;2025-10-13 18:46:01;irq/161-iwlwifi:queue_4;10035;0.0;0.0
1027;2025-10-13 18:46:01;irq/162-iwlwifi:exception;10036;0.0;0.0
1028;2025-10-13 18:46:01;Isolated Web Co;12905;55.1;6.0433
1029;2025-10-13 18:46:01;kworker/u16:2-events_power_efficient;16189;0.0;0.0
1030;2025-10-13 18:46:01;kworker/0:1-events;22573;0.0;0.0
1031;2025-10-13 18:46:01;kworker/3:0-mm_percpu_wq;23548;0.0;0.0
1032;2025-10-13 18:46:01;kworker/u17:1-i915_flip;25949;0.0;0.0
1033;2025-10-13 18:46:01;kworker/2:2-mm_percpu_wq;26032;0.0;0.0
1034;2025-10-13 18:46:01;kworker/1:3-mm_percpu_wq;26493;0.9;0.0
1035;2025-10-13 18:46:01;kworker/u16:1-events_unbound;26495;0.0;0.0
1036;2025-10-13 18:46:01;Isolated Servic;27079;0.9;1.0924
1037;2025-10-13 18:46:01;Isolated Web Co;27093;0.0;6.3012
1038;2025-10-13 18:46:01;kworker/1:1-i915-unordered;27588;0.0;0.0
1039;2025-10-13 18:46:01;kworker/u17:0-rb_allocator;27601;0.0;0.0
1040;2025-10-13 18:46:01;kworker/0:0-events;27636;0.0;0.0
1041;2025-10-13 18:46:01;kworker/u16:3-kvfree_rcu_reclaim;27638;0.0;0.0
1042;2025-10-13 18:46:01;nautilus;27697;0.0;2.1463
1043;2025-10-13 18:46:01;gvfsd-recent;27725;0.0;0.1169
1044;2025-10-13 18:46:01;code;27934;0.0;2.588
1045;2025-10-13 18:46:01;code;27936;0.0;0.642
1046;2025-10-13 18:46:01;code;27937;0.0;0.6414
1047;2025-10-13 18:46:01;chrome_crashpad_handler;27951;0.0;0.0386
1048;2025-10-13 18:46:01;code;27991;0.0;0.9538
1049;2025-10-13 18:46:01;code;28042;3.7;5.0709
1050;2025-10-13 18:46:01;code;28059;48.6;2.4723
1051;2025-10-13 18:46:01;code;28075;0.0;1.5188
1052;2025-10-13 18:46:01;code;28076;0.0;1.4001
1053;2025-10-13 18:46:01;code;28099;0.0;1.4599
1054;2025-10-13 18:46:01;code;28113;0.0;7.4955
1055;2025-10-13 18:46:01;kworker/2:0-events;28148;0.0;0.0
1056;2025-10-13 18:46:01;bash;28153;0.0;0.0734
1057;2025-10-13 18:46:01;kworker/u17:3-rb_allocator;28221;0.0;0.0
1058;2025-10-13 18:46:01;Web Content;28295;0.0;0.8616
1059;2025-10-13 18:46:01;kworker/u16:0-events_power_efficient;28324;0.0;0.0
1060;2025-10-13 18:46:01;pet;28408;0.0;0.0636
1061;2025-10-13 18:46:01;bash;28589;0.0;0.0732
1062;2025-10-13 18:46:01;code;28605;0.0;5.6726
1063;2025-10-13 18:46:01;kworker/3:1-i915-unordered;28672;0.0;0.0
1064;2025-10-13 18:46:01;bash;28708;0.0;0.0683
1065;2025-10-13 18:46:01;pipewire;28766;0.9;0.2295
1066;2025-10-13 18:46:01;wireplumber;28779;0.0;0.2706
1067;2025-10-13 18:46:01;Web Content;28922;0.0;0.8593
1068;2025-10-13 18:46:01;kworker/1:0-events;29075;0.0;0.0
1069;2025-10-13 18:46:01;kworker/2:1-i915-unordered;29149;0.0;0.0
1070;2025-10-13 18:46:01;Web Content;29207;0.0;0.8623
1071;2025-10-13 18:46:01;kworker/0:2;29272;0.0;0.0
1072;2025-10-13 18:46:01;kworker/u16:4-events_unbound;29372;0.0;0.0
1073;2025-10-13 18:46:01;python;29379;3.7;0.9975
1074;2025-10-13 18:46:01;kworker/3:2-i915-unordered;29383;0.0;0.0
1075;2025-10-13 18:46:02;systemd;1;0.0;0.187
1076;2025-10-13 18:46:02;kthreadd;2;0.0;0.0
1077;2025-10-13 18:46:02;pool_workqueue_release;3;0.0;0.0
1078;2025-10-13 18:46:02;kworker/R-rcu_gp;4;0.0;0.0
1079;2025-10-13 18:46:02;kworker/R-sync_wq;5;0.0;0.0
1080;2025-10-13 18:46:02;kworker/R-kvfree_rcu_reclaim;6;0.0;0.0
1081;2025-10-13 18:46:02;kworker/R-slub_flushwq;7;0.0;0.0
1082;2025-10-13 18:46:02;kworker/R-netns;8;0.0;0.0
1083;2025-10-13 18:46:02;kworker/0:0H-events_highpri;10;0.0;0.0
1084;2025-10-13 18:46:02;kworker/R-mm_percpu_wq;13;0.0;0.0
1085;2025-10-13 18:46:02;rcu_tasks_kthread;14;0.0;0.0
1086;2025-10-13 18:46:02;rcu_tasks_rude_kthread;15;0.0;0.0
1087;2025-10-13 18:46:02;rcu_tasks_trace_kthread;16;0.0;0.0
1088;2025-10-13 18:46:02;ksoftirqd/0;17;0.0;0.0
1089;2025-10-13 18:46:02;rcu_preempt;18;0.9;0.0
1090;2025-10-13 18:46:02;rcu_exp_par_gp_kthread_worker/0;19;0.0;0.0
1091;2025-10-13 18:46:02;rcu_exp_gp_kthread_worker;20;0.0;0.0
1092;2025-10-13 18:46:02;migration/0;21;0.0;0.0
1093;2025-10-13 18:46:02;idle_inject/0;22;0.0;0.0
1094;2025-10-13 18:46:02;cpuhp/0;23;0.0;0.0
1095;2025-10-13 18:46:02;cpuhp/1;24;0.0;0.0
1096;2025-10-13 18:46:02;idle_inject/1;25;0.0;0.0
1097;2025-10-13 18:46:02;migration/1;26;0.0;0.0
1098;2025-10-13 18:46:02;ksoftirqd/1;27;0.0;0.0
1099;2025-10-13 18:46:02;kworker/1:0H-events_highpri;29;0.0;0.0
1100;2025-10-13 18:46:02;cpuhp/2;30;0.0;0.0
1101;2025-10-13 18:46:02;idle_inject/2;31;0.0;0.0
1102;2025-10-13 18:46:02;migration/2;32;0.0;0.0
1103;2025-10-13 18:46:02;ksoftirqd/2;33;0.0;0.0
1104;2025-10-13 18:46:02;kworker/2:0H-events_highpri;35;0.0;0.0
1105;2025-10-13 18:46:02;cpuhp/3;36;0.0;0.0
1106;2025-10-13 18:46:02;idle_inject/3;37;0.0;0.0
1107;2025-10-13 18:46:02;migration/3;38;0.0;0.0
1108;2025-10-13 18:46:02;ksoftirqd/3;39;0.0;0.0
1109;2025-10-13 18:46:02;kworker/3:0H-events_highpri;41;0.0;0.0
1110;2025-10-13 18:46:02;kdevtmpfs;42;0.0;0.0
1111;2025-10-13 18:46:02;kworker/R-inet_frag_wq;43;0.0;0.0
1112;2025-10-13 18:46:02;kauditd;44;0.0;0.0
1113;2025-10-13 18:46:02;khungtaskd;45;0.0;0.0
1114;2025-10-13 18:46:02;oom_reaper;46;0.0;0.0
1115;2025-10-13 18:46:02;kworker/R-writeback;49;0.0;0.0
1116;2025-10-13 18:46:02;kcompactd0;50;0.0;0.0
1117;2025-10-13 18:46:02;ksmd;51;0.0;0.0
1118;2025-10-13 18:46:02;khugepaged;52;0.0;0.0
1119;2025-10-13 18:46:02;kworker/R-kintegrityd;53;0.0;0.0
1120;2025-10-13 18:46:02;kworker/R-kblockd;54;0.0;0.0
1121;2025-10-13 18:46:02;kworker/R-blkcg_punt_bio;55;0.0;0.0
1122;2025-10-13 18:46:02;irq/9-acpi;56;0.0;0.0
1123;2025-10-13 18:46:02;kworker/R-tpm_dev_wq;59;0.0;0.0
1124;2025-10-13 18:46:02;kworker/R-ata_sff;60;0.0;0.0
1125;2025-10-13 18:46:02;kworker/R-md;61;0.0;0.0
1126;2025-10-13 18:46:02;kworker/R-md_bitmap;62;0.0;0.0
1127;2025-10-13 18:46:02;kworker/R-edac-poller;63;0.0;0.0
1128;2025-10-13 18:46:02;kworker/R-devfreq_wq;64;0.0;0.0
1129;2025-10-13 18:46:02;watchdogd;65;0.0;0.0
1130;2025-10-13 18:46:02;kworker/0:1H-i915_cleanup;66;0.0;0.0
1131;2025-10-13 18:46:02;kswapd0;68;0.0;0.0
1132;2025-10-13 18:46:02;ecryptfs-kthread;69;0.0;0.0
1133;2025-10-13 18:46:02;kworker/R-kthrotld;70;0.0;0.0
1134;2025-10-13 18:46:02;irq/122-aerdrv;71;0.0;0.0
1135;2025-10-13 18:46:02;irq/122-pcie-dpc;72;0.0;0.0
1136;2025-10-13 18:46:02;kworker/R-acpi_thermal_pm;73;0.0;0.0
1137;2025-10-13 18:46:02;hwrng;74;0.0;0.0
1138;2025-10-13 18:46:02;kworker/R-mld;76;0.0;0.0
1139;2025-10-13 18:46:02;kworker/R-ipv6_addrconf;77;0.0;0.0
1140;2025-10-13 18:46:02;kworker/R-kstrp;84;0.0;0.0
1141;2025-10-13 18:46:02;kworker/R-charger_manager;100;0.0;0.0
1142;2025-10-13 18:46:02;kworker/2:1H-kblockd;125;0.0;0.0
1143;2025-10-13 18:46:02;kworker/3:1H-kblockd;129;0.0;0.0
1144;2025-10-13 18:46:02;kworker/1:1H-kblockd;156;0.0;0.0
1145;2025-10-13 18:46:02;irq/148-ELAN050A:01;193;0.0;0.0
1146;2025-10-13 18:46:02;irq/149-aerdrv;203;0.0;0.0
1147;2025-10-13 18:46:02;irq/149-pcie-dpc;204;0.0;0.0
1148;2025-10-13 18:46:02;scsi_eh_0;205;0.0;0.0
1149;2025-10-13 18:46:02;kworker/R-scsi_tmf_0;206;0.0;0.0
1150;2025-10-13 18:46:02;scsi_eh_1;207;0.0;0.0
1151;2025-10-13 18:46:02;kworker/R-scsi_tmf_1;208;0.0;0.0
1152;2025-10-13 18:46:02;kworker/R-nvme-wq;210;0.0;0.0
1153;2025-10-13 18:46:02;kworker/R-nvme-reset-wq;211;0.0;0.0
1154;2025-10-13 18:46:02;kworker/R-nvme-delete-wq;212;0.0;0.0
1155;2025-10-13 18:46:02;kworker/R-nvme-auth-wq;213;0.0;0.0
1156;2025-10-13 18:46:02;jbd2/nvme0n1p2-8;250;0.0;0.0
1157;2025-10-13 18:46:02;kworker/R-ext4-rsv-conversion;251;0.0;0.0
1158;2025-10-13 18:46:02;systemd-journald;301;0.0;0.3933
1159;2025-10-13 18:46:02;systemd-udevd;394;0.0;0.1092
1160;2025-10-13 18:46:02;psimon;397;0.0;0.0
1161;2025-10-13 18:46:02;irq/156-mei_me;542;0.0;0.0
1162;2025-10-13 18:46:02;kworker/R-cfg80211;543;0.0;0.0
1163;2025-10-13 18:46:02;kworker/R-cryptd;549;0.0;0.0
1164;2025-10-13 18:46:02;kworker/R-ttm;629;0.0;0.0
1165;2025-10-13 18:46:02;card1-crtc0;643;0.0;0.0
1166;2025-10-13 18:46:02;card1-crtc1;644;0.0;0.0
1167;2025-10-13 18:46:02;card1-crtc2;645;0.0;0.0
1168;2025-10-13 18:46:02;card1-crtc3;646;0.0;0.0
1169;2025-10-13 18:46:02;systemd-oomd;720;0.0;0.0969
1170;2025-10-13 18:46:02;systemd-resolved;723;0.0;0.166
1171;2025-10-13 18:46:02;systemd-timesyncd;728;0.0;0.0975
1172;2025-10-13 18:46:02;avahi-daemon;869;0.0;0.0534
1173;2025-10-13 18:46:02;bluetoothd;870;0.0;0.0839
1174;2025-10-13 18:46:02;dbus-daemon;871;0.0;0.0945
1175;2025-10-13 18:46:02;gnome-remote-desktop-daemon;874;0.0;0.1978
1176;2025-10-13 18:46:02;polkitd;879;0.0;0.1633
1177;2025-10-13 18:46:02;power-profiles-daemon;887;0.0;0.1071
1178;2025-10-13 18:46:02;snapd;895;0.0;0.4712
1179;2025-10-13 18:46:02;accounts-daemon;897;0.0;0.1089
1180;2025-10-13 18:46:02;cron;898;0.0;0.0345
1181;2025-10-13 18:46:02;switcheroo-control;899;0.0;0.0885
1182;2025-10-13 18:46:02;systemd-logind;914;0.0;0.118
1183;2025-10-13 18:46:02;thermald;915;0.0;0.1401
1184;2025-10-13 18:46:02;udisksd;917;0.0;0.169
1185;2025-10-13 18:46:02;avahi-daemon;956;0.0;0.0178
1186;2025-10-13 18:46:02;rsyslogd;963;0.0;0.0763
1187;2025-10-13 18:46:02;NetworkManager;975;0.9;0.2613
1188;2025-10-13 18:46:02;wpa_supplicant;982;0.0;0.152
1189;2025-10-13 18:46:02;irq/164-AudioDSP;1009;0.0;0.0
1190;2025-10-13 18:46:02;ModemManager;1037;0.0;0.1518
1191;2025-10-13 18:46:02;kworker/R-iprt-VBoxWQueue;1707;0.0;0.0
1192;2025-10-13 18:46:02;iprt-VBoxTscThread;1708;0.0;0.0
1193;2025-10-13 18:46:02;cupsd;1737;0.0;0.1453
1194;2025-10-13 18:46:02;unattended-upgr;1745;0.0;0.2921
1195;2025-10-13 18:46:02;gdm3;1797;0.0;0.1179
1196;2025-10-13 18:46:02;mysqld;1813;1.8;5.3422
1197;2025-10-13 18:46:02;psimon;1816;0.0;0.0
1198;2025-10-13 18:46:02;rtkit-daemon;1904;0.0;0.0446
1199;2025-10-13 18:46:02;krfcommd;2021;0.0;0.0
1200;2025-10-13 18:46:02;colord;2060;0.0;0.1875
1201;2025-10-13 18:46:02;upowerd;2101;0.0;0.1397
1202;2025-10-13 18:46:02;gdm-session-worker;2458;0.0;0.138
1203;2025-10-13 18:46:02;systemd;2485;0.0;0.1637
1204;2025-10-13 18:46:02;(sd-pam);2491;0.0;0.0424
1205;2025-10-13 18:46:02;pipewire-pulse;2511;1.8;0.545
1206;2025-10-13 18:46:02;gnome-keyring-daemon;2515;0.0;0.132
1207;2025-10-13 18:46:02;dbus-daemon;2529;0.0;0.0884
1208;2025-10-13 18:46:02;cups-browsed;2559;0.0;0.2445
1209;2025-10-13 18:46:02;kerneloops;2564;0.0;0.0276
1210;2025-10-13 18:46:02;kerneloops;2568;0.0;0.0298
1211;2025-10-13 18:46:02;xdg-document-portal;2583;0.0;0.0981
1212;2025-10-13 18:46:02;xdg-permission-store;2587;0.0;0.0801
1213;2025-10-13 18:46:02;fusermount3;2594;0.0;0.0255
1214;2025-10-13 18:46:02;gdm-wayland-session;2619;0.0;0.0826
1215;2025-10-13 18:46:02;gnome-session-binary;2633;0.0;0.207
1216;2025-10-13 18:46:02;gcr-ssh-agent;2711;0.0;0.0885
1217;2025-10-13 18:46:02;gnome-session-ctl;2714;0.0;0.0666
1218;2025-10-13 18:46:02;gvfsd;2733;0.0;0.1062
1219;2025-10-13 18:46:02;gvfsd-fuse;2741;0.0;0.0971
1220;2025-10-13 18:46:02;gnome-session-binary;2744;0.0;0.2362
1221;2025-10-13 18:46:02;at-spi-bus-launcher;2775;0.0;0.0996
1222;2025-10-13 18:46:02;gnome-shell;2782;2.7;4.1539
1223;2025-10-13 18:46:02;dbus-daemon;2789;0.0;0.0643
1224;2025-10-13 18:46:02;at-spi2-registryd;2884;0.0;0.0913
1225;2025-10-13 18:46:02;gnome-shell-calendar-server;2906;0.0;0.1911
1226;2025-10-13 18:46:02;evolution-source-registry;2913;0.0;0.5472
1227;2025-10-13 18:46:02;dconf-service;2914;0.0;0.0744
1228;2025-10-13 18:46:02;gjs;2930;0.0;0.2781
1229;2025-10-13 18:46:02;ibus-daemon;2934;0.0;0.1606
1230;2025-10-13 18:46:02;gsd-a11y-settings;2937;0.0;0.0916
1231;2025-10-13 18:46:02;gsd-color;2939;0.0;0.2506
1232;2025-10-13 18:46:02;gsd-datetime;2941;0.0;0.1619
1233;2025-10-13 18:46:02;gsd-housekeeping;2944;0.0;0.105
1234;2025-10-13 18:46:02;gsd-keyboard;2950;0.0;0.2512
1235;2025-10-13 18:46:02;gsd-media-keys;2954;0.0;0.3241
1236;2025-10-13 18:46:02;gsd-power;2957;0.0;0.3345
1237;2025-10-13 18:46:02;gsd-print-notifications;2958;0.0;0.1461
1238;2025-10-13 18:46:02;gsd-rfkill;2960;0.0;0.0857
1239;2025-10-13 18:46:02;gsd-screensaver-proxy;2964;0.0;0.0802
1240;2025-10-13 18:46:02;gsd-sharing;2965;0.0;0.1545
1241;2025-10-13 18:46:02;gsd-smartcard;2966;0.0;0.1055
1242;2025-10-13 18:46:02;gsd-sound;2967;0.0;0.1281
1243;2025-10-13 18:46:02;gsd-wacom;2968;0.0;0.2623
1244;2025-10-13 18:46:02;goa-daemon;2970;0.0;0.2745
1245;2025-10-13 18:46:02;gnome-software;2993;0.0;3.4721
1246;2025-10-13 18:46:02;evolution-alarm-notify;3025;0.0;0.8023
1247;2025-10-13 18:46:02;gsd-disk-utility-notify;3032;0.0;0.0962
1248;2025-10-13 18:46:02;evolution-calendar-factory;3112;0.0;0.3146
1249;2025-10-13 18:46:02;gvfs-udisks2-volume-monitor;3125;0.0;0.1409
1250;2025-10-13 18:46:02;goa-identity-service;3160;0.0;0.1109
1251;2025-10-13 18:46:02;ibus-dconf;3168;0.0;0.0961
1252;2025-10-13 18:46:02;ibus-extension-gtk3;3169;0.0;0.3793
1253;2025-10-13 18:46:02;ibus-portal;3171;0.0;0.089
1254;2025-10-13 18:46:02;evolution-addressbook-factory;3198;0.0;0.3873
1255;2025-10-13 18:46:02;gvfs-goa-volume-monitor;3200;0.0;0.0807
1256;2025-10-13 18:46:02;gvfs-afc-volume-monitor;3208;0.0;0.101
1257;2025-10-13 18:46:02;gvfs-gphoto2-volume-monitor;3218;0.0;0.0908
1258;2025-10-13 18:46:02;gvfs-mtp-volume-monitor;3226;0.0;0.0865
1259;2025-10-13 18:46:02;ibus-engine-simple;3244;0.0;0.0996
1260;2025-10-13 18:46:02;gvfsd-trash;3272;0.0;0.1234
1261;2025-10-13 18:46:02;xdg-desktop-portal;3293;0.0;0.2155
1262;2025-10-13 18:46:02;gsd-printer;3322;0.0;0.1892
1263;2025-10-13 18:46:02;tracker-miner-fs-3;3323;0.0;0.3563
1264;2025-10-13 18:46:02;xdg-desktop-portal-gnome;3325;0.0;1.823
1265;2025-10-13 18:46:02;gjs;3342;0.0;0.2718
1266;2025-10-13 18:46:02;gjs;3371;0.0;0.8303
1267;2025-10-13 18:46:02;xdg-desktop-portal-gtk;3388;0.0;0.3372
1268;2025-10-13 18:46:02;snapd-desktop-integration;3391;0.0;0.1214
1269;2025-10-13 18:46:02;snapd-desktop-integration;3482;0.0;0.2897
1270;2025-10-13 18:46:02;gvfsd-metadata;3486;0.0;0.0877
1271;2025-10-13 18:46:02;fwupd;3524;0.0;0.5784
1272;2025-10-13 18:46:02;gnome-calendar;3563;0.0;0.6905
1273;2025-10-13 18:46:02;Xwayland;3778;0.9;1.544
1274;2025-10-13 18:46:02;gsd-xsettings;3815;0.0;1.0633
1275;2025-10-13 18:46:02;ibus-x11;3896;0.0;0.3118
1276;2025-10-13 18:46:02;mutter-x11-frames;3902;0.0;1.4315
1277;2025-10-13 18:46:02;update-notifier;5140;0.0;0.3977
1278;2025-10-13 18:46:02;snap;6003;0.0;0.3147
1279;2025-10-13 18:46:02;firefox;7111;43.5;7.4667
1280;2025-10-13 18:46:02;crashhelper;7177;0.0;0.0276
1281;2025-10-13 18:46:02;forkserver;7284;0.0;0.4245
1282;2025-10-13 18:46:02;Socket Process;7289;1.9;0.623
1283;2025-10-13 18:46:02;RDD Process;7316;0.0;0.6326
1284;2025-10-13 18:46:02;WebExtensions;7698;0.0;1.1579
1285;2025-10-13 18:46:02;Utility Process;7913;0.0;0.6474
1286;2025-10-13 18:46:02;Privileged Cont;8086;0.0;1.785
1287;2025-10-13 18:46:02;mysql-workbench;9350;0.0;0.0398
1288;2025-10-13 18:46:02;mysql-workbench-bin;9506;0.0;1.9044
1289;2025-10-13 18:46:02;uuidd;9531;0.0;0.0425
1290;2025-10-13 18:46:02;irq/157-iwlwifi:default_queue;10031;0.0;0.0
1291;2025-10-13 18:46:02;irq/158-iwlwifi:queue_1;10032;0.0;0.0
1292;2025-10-13 18:46:02;irq/159-iwlwifi:queue_2;10033;0.0;0.0
1293;2025-10-13 18:46:02;irq/160-iwlwifi:queue_3;10034;0.0;0.0
1294;2025-10-13 18:46:02;irq/161-iwlwifi:queue_4;10035;0.0;0.0
1295;2025-10-13 18:46:02;irq/162-iwlwifi:exception;10036;0.0;0.0
1296;2025-10-13 18:46:02;Isolated Web Co;12905;43.6;6.0433
1297;2025-10-13 18:46:02;kworker/u16:2-events_power_efficient;16189;0.0;0.0
1298;2025-10-13 18:46:02;kworker/0:1-events;22573;0.0;0.0
1299;2025-10-13 18:46:02;kworker/3:0-mm_percpu_wq;23548;0.0;0.0
1300;2025-10-13 18:46:02;kworker/u17:1-rb_allocator;25949;0.9;0.0
1301;2025-10-13 18:46:02;kworker/2:2-mm_percpu_wq;26032;0.0;0.0
1302;2025-10-13 18:46:02;kworker/1:3-mm_percpu_wq;26493;0.0;0.0
1303;2025-10-13 18:46:02;kworker/u16:1-events_unbound;26495;0.0;0.0
1304;2025-10-13 18:46:02;Isolated Servic;27079;0.0;1.0924
1305;2025-10-13 18:46:02;Isolated Web Co;27093;0.9;6.3012
1306;2025-10-13 18:46:02;kworker/1:1-i915-unordered;27588;0.0;0.0
1307;2025-10-13 18:46:02;kworker/u17:0-rb_allocator;27601;0.0;0.0
1308;2025-10-13 18:46:02;kworker/0:0-events;27636;0.9;0.0
1309;2025-10-13 18:46:02;kworker/u16:3-kvfree_rcu_reclaim;27638;0.0;0.0
1310;2025-10-13 18:46:02;nautilus;27697;0.0;2.1463
1311;2025-10-13 18:46:02;gvfsd-recent;27725;0.0;0.1169
1312;2025-10-13 18:46:02;code;27934;0.0;2.588
1313;2025-10-13 18:46:02;code;27936;0.0;0.642
1314;2025-10-13 18:46:02;code;27937;0.0;0.6414
1315;2025-10-13 18:46:02;chrome_crashpad_handler;27951;0.0;0.0386
1316;2025-10-13 18:46:02;code;27991;0.0;0.9538
1317;2025-10-13 18:46:02;code;28042;2.8;5.0709
1318;2025-10-13 18:46:02;code;28059;48.3;2.4707
1319;2025-10-13 18:46:02;code;28075;0.0;1.5188
1320;2025-10-13 18:46:02;code;28076;0.0;1.4001
1321;2025-10-13 18:46:02;code;28099;0.0;1.4599
1322;2025-10-13 18:46:02;code;28113;0.0;7.4955
1323;2025-10-13 18:46:02;kworker/2:0-events;28148;0.0;0.0
1324;2025-10-13 18:46:02;bash;28153;0.0;0.0734
1325;2025-10-13 18:46:02;kworker/u17:3-rb_allocator;28221;0.0;0.0
1326;2025-10-13 18:46:02;Web Content;28295;0.0;0.8616
1327;2025-10-13 18:46:02;kworker/u16:0-events_power_efficient;28324;0.0;0.0
1328;2025-10-13 18:46:02;pet;28408;0.0;0.0636
1329;2025-10-13 18:46:02;bash;28589;0.0;0.0732
1330;2025-10-13 18:46:02;code;28605;0.0;5.6726
1331;2025-10-13 18:46:02;kworker/3:1-i915-unordered;28672;0.0;0.0
1332;2025-10-13 18:46:02;bash;28708;0.0;0.0683
1333;2025-10-13 18:46:02;pipewire;28766;0.9;0.2295
1334;2025-10-13 18:46:02;wireplumber;28779;0.0;0.2706
1335;2025-10-13 18:46:02;Web Content;28922;0.9;0.8593
1336;2025-10-13 18:46:02;kworker/1:0-events;29075;0.0;0.0
1337;2025-10-13 18:46:02;kworker/2:1-i915-unordered;29149;0.0;0.0
1338;2025-10-13 18:46:02;Web Content;29207;0.0;0.8623
1339;2025-10-13 18:46:02;kworker/0:2;29272;0.0;0.0
1340;2025-10-13 18:46:02;kworker/u16:4-events_unbound;29372;0.0;0.0
1341;2025-10-13 18:46:02;python;29379;4.7;0.9975
1342;2025-10-13 18:46:02;kworker/3:2-i915-unordered;29383;0.0;0.0
